anio,marca,kilometraje,combustible,transmision,potencia_hp,precio
2011,Toyota,90219,Diesel,Automática,134.0,25255.0
2024,Hyundai,76322,Eléctrico,Manual,75.0,23743.0
2019,Nissan,46477,Gasolina,Automática,127.0,22153.0
2015,Chevrolet,88337,Diesel,Automática,97.0,18774.0
2012,Chevrolet,135952,Diesel,Automática,80.0,15166.0
2011,BMW,135226,Híbrido,Automática,196.0,49679.0
2023,BMW,35630,Gasolina,Automática,193.0,50136.0
2015,BMW,111693,Gasolina,Automática,184.0,38629.0
2015,Kia,118015,Gasolina,Manual,113.0,13910.0
2008,Mazda,139000,Gasolina,Manual,197.0,19937.0
2012,Hyundai,123824,Gasolina,Manual,105.0,10510.0
2007,Hyundai,136623,Diesel,Manual,120.0,10727.0
2006,Hyundai,183717,Gasolina,Automática,97.0,8265.0
2016,Kia,85660,Gasolina,Automática,121.0,19867.0
2010,Chevrolet,99536,Gasolina,Manual,125.0,9840.0
2006,Volkswagen,161489,Diesel,Automática,137.0,18224.0
2005,Toyota,133930,Gasolina,Manual,156.0,14034.0
2016,Mazda,129844,Gasolina,Manual,159.0,21616.0
2016,Ford,98801,Gasolina,Manual,143.0,20924.0
2021,Kia,28979,Diesel,Manual,70.0,22101.0
2014,Ford,125777,Gasolina,Manual,133.0,19546.0
2020,Kia,71052,Gasolina,Automática,169.0,27300.0
2019,Nissan,90375,Eléctrico,Manual,120.0,29532.0
2019,Chevrolet,70769,Gasolina,Automática,152.0,23798.0
2023,Hyundai,85550,Eléctrico,Manual,139.0,28718.0
2016,Toyota,73439,Gasolina,Manual,124.0,21849.0
2024,Ford,67677,Gasolina,Manual,123.0,24685.0
2007,BMW,149924,Híbrido,Automática,141.0,36523.0
2009,Kia,102889,Gasolina,Manual,129.0,13727.0
2023,Mazda,18253,Gasolina,Automática,119.0,25770.0
2011,Nissan,110741,Gasolina,Automática,129.0,14227.0
2013,Audi,89439,Gasolina,Automática,175.0,42996.0
2011,Volkswagen,88952,Gasolina,Automática,140.0,20430.0
2022,Ford,29794,Gasolina,Manual,141.0,28945.0
2008,Nissan,131686,,Manual,130.0,8743.0
2018,BMW,59111,Gasolina,Manual,168.0,37372.0
2022,Chevrolet,146423,Eléctrico,Automática,154.0,31380.0
2013,Kia,91774,Gasolina,Manual,103.0,16057.0
2006,Toyota,185250,Gasolina,Manual,87.0,9083.0
2024,Volkswagen,97314,Diesel,Automática,143.0,29690.0
2019,Volkswagen,58411,Gasolina,Manual,146.0,21833.0
2011,Toyota,104918,Gasolina,Automática,123.0,15282.0
2016,Ford,76819,Diesel,Automática,167.0,25675.0
2012,Chevrolet,107632,Gasolina,Manual,125.0,11607.0
2019,Toyota,61228,Diesel,Manual,118.0,21641.0
2007,Audi,120213,Diesel,Manual,178.0,36850.0
2018,Hyundai,84778,Eléctrico,Automática,126.0,24533.0
2021,Toyota,49164,Gasolina,Automática,124.0,28614.0
2008,Nissan,233309,Gasolina,Automática,117.0,12552.0
2022,Mazda,80343,Gasolina,Automática,97.0,18219.0
2012,Toyota,103449,Gasolina,Automática,149.0,18513.0
2008,Nissan,152099,Híbrido,Manual,100.0,8735.0
2006,Ford,162816,Gasolina,Manual,128.0,8967.0
2010,Toyota,157914,Gasolina,Automática,127.0,17703.0
2014,Hyundai,72334,Diesel,Manual,86.0,13169.0
2008,Ford,113194,Gasolina,Manual,110.0,12964.0
2022,Kia,34872,Gasolina,Automática,73.0,16054.0
2016,Audi,87396,Gasolina,Manual,214.0,45283.0
2006,Volkswagen,130421,Híbrido,Automática,134.0,20021.0
2014,Audi,143805,Gasolina,Automática,259.0,49485.0
2008,Hyundai,114744,Híbrido,Manual,90.0,12386.0
2018,Audi,81855,Gasolina,Automática,182.0,41202.0
2020,Chevrolet,71688,Diesel,Manual,119.0,18349.0
2019,Kia,80594,Híbrido,Manual,120.0,24843.0
2012,Toyota,132429,Gasolina,Manual,111.0,15829.0
2018,Toyota,107005,Gasolina,Manual,132.0,22953.0
2012,Mazda,165098,Gasolina,Automática,115.0,15787.0
2020,Chevrolet,55290,Gasolina,Manual,102.0,19251.0
2017,Hyundai,64986,,Manual,74.0,10271.0
2022,Nissan,62971,Gasolina,Manual,81.0,17949.0
2019,Hyundai,80440,Gasolina,Automática,100.0,17793.0
2017,Ford,105989,Gasolina,Automática,134.0,24820.0
2013,Kia,80669,Gasolina,Manual,102.0,15329.0
2019,Volkswagen,91739,Gasolina,Manual,170.0,28592.0
2017,Volkswagen,58131,Gasolina,Manual,170.0,26436.0
2005,Chevrolet,160591,Híbrido,Manual,123.0,11934.0
2011,Kia,108664,Gasolina,Automática,79.0,11842.0
2013,Kia,144964,Gasolina,Automática,104.0,13969.0
2005,Volkswagen,129155,Eléctrico,Manual,,19897.0
2016,Kia,92104,Gasolina,Manual,102.0,14279.0
2012,Hyundai,122680,Híbrido,Manual,96.0,14583.0
2015,Toyota,85441,Gasolina,Automática,107.0,22826.0
2023,Chevrolet,50080,Gasolina,Manual,122.0,17593.0
2021,Ford,47121,Gasolina,Automática,127.0,26594.0
2012,Volkswagen,114842,Diesel,Automática,149.0,20349.0
2007,Hyundai,151460,Gasolina,Manual,117.0,5892.0
2007,Chevrolet,130256,Gasolina,Automática,112.0,14335.0
2005,Volkswagen,150479,Gasolina,Automática,170.0,19295.0
2009,Volkswagen,100287,Gasolina,Automática,125.0,20368.0
2014,Chevrolet,90561,,Manual,98.0,16054.0
2011,Chevrolet,95521,Gasolina,Manual,138.0,19881.0
2013,Kia,101415,Gasolina,Automática,99.0,15615.0
2011,Audi,153429,Gasolina,Automática,206.0,40624.0
2013,Toyota,149233,Eléctrico,Automática,72.0,21492.0
2012,Audi,106421,Diesel,Automática,228.0,51183.0
2016,Mazda,66550,Híbrido,Automática,148.0,26518.0
2006,Ford,125553,Diesel,Automática,110.0,11884.0
2005,Toyota,180871,Gasolina,Manual,90.0,7338.0
2020,Chevrolet,58771,Gasolina,Automática,163.0,20270.0
2009,Chevrolet,131458,Gasolina,Automática,115.0,13335.0
2007,Hyundai,136268,Gasolina,Automática,93.0,4921.0
2016,Nissan,101627,Gasolina,Automática,80.0,15491.0
2012,Audi,110893,Gasolina,Manual,193.0,40082.0
2007,Ford,162182,Gasolina,Automática,135.0,12366.0
2005,Mazda,174685,Gasolina,Automática,149.0,17342.0
2007,Toyota,123315,Gasolina,Manual,92.0,7787.0
2009,Chevrolet,138192,Gasolina,Automática,,14313.0
2019,Toyota,110635,Diesel,Manual,129.0,23710.0
2018,Nissan,89191,Gasolina,Manual,145.0,16401.0
2007,Audi,151691,Gasolina,Manual,169.0,37375.0
2005,Nissan,138203,Gasolina,Manual,147.0,11560.0
2009,Toyota,114475,Gasolina,Automática,,14346.0
2018,Kia,75249,Gasolina,Automática,137.0,17643.0
2011,Ford,104284,Gasolina,Automática,139.0,17181.0
2013,Chevrolet,136519,Gasolina,Automática,80.0,12146.0
2019,Volkswagen,65521,Gasolina,Manual,142.0,24009.0
2019,Volkswagen,55358,Híbrido,Manual,166.0,30903.0
2014,Nissan,131579,Híbrido,Automática,107.0,21417.0
2017,Kia,61242,Gasolina,Manual,107.0,16097.0
2023,Hyundai,45008,Gasolina,Automática,106.0,17294.0
2011,Toyota,105422,Diesel,Automática,70.0,14332.0
2021,Kia,158053,Gasolina,Automática,,15512.0
2024,Chevrolet,39047,Gasolina,Automática,112.0,24604.0
2008,Nissan,118328,Gasolina,Manual,135.0,10926.0
2009,Nissan,130534,Híbrido,Manual,123.0,17278.0
2011,Toyota,113387,Gasolina,Automática,145.0,22277.0
2017,Chevrolet,66623,Gasolina,Manual,138.0,17429.0
2019,Hyundai,100258,Diesel,Automática,105.0,21152.0
2015,Toyota,111378,Gasolina,Manual,102.0,15580.0
2008,Volkswagen,142841,Gasolina,Automática,161.0,22664.0
2017,Toyota,65539,Eléctrico,Automática,83.0,25823.0
2011,Chevrolet,184764,Gasolina,Automática,143.0,12805.0
2023,Hyundai,55193,Gasolina,Manual,88.0,20130.0
2006,BMW,135269,Gasolina,Manual,215.0,34042.0
2014,Ford,134127,Gasolina,Automática,143.0,16882.0
2017,Hyundai,84496,Gasolina,Manual,123.0,15778.0
2010,Ford,152801,Gasolina,Automática,142.0,15797.0
2016,Mazda,98468,Gasolina,Automática,100.0,21025.0
2016,Audi,174926,Diesel,Automática,183.0,38497.0
2024,Hyundai,20080,Gasolina,Automática,123.0,24133.0
2015,BMW,82191,Gasolina,Manual,193.0,40442.0
2011,Audi,255984,Gasolina,Automática,224.0,40542.0
2005,BMW,151279,Diesel,Automática,198.0,40410.0
2005,Nissan,132795,Gasolina,Manual,106.0,8740.0
2024,Nissan,55475,Gasolina,Automática,109.0,22975.0
2017,Chevrolet,116207,Gasolina,Automática,132.0,20480.0
2013,Mazda,102949,Gasolina,Manual,89.0,14165.0
2007,Ford,113443,Gasolina,Manual,173.0,15178.0
2011,Nissan,99946,Diesel,Automática,134.0,19324.0
2010,Chevrolet,97967,Gasolina,Manual,155.0,14504.0
2012,Mazda,188783,Gasolina,Automática,103.0,12058.0
2013,Volkswagen,79315,Gasolina,Automática,170.0,23058.0
2009,Toyota,117390,Híbrido,Manual,165.0,26367.0
2005,Volkswagen,168481,Gasolina,Manual,119.0,4088.0
2023,Ford,23235,Gasolina,Automática,155.0,28820.0
2014,Volkswagen,110476,Gasolina,Manual,145.0,19997.0
2016,Chevrolet,73402,Gasolina,Automática,99.0,13712.0
2019,Kia,78208,Gasolina,Manual,125.0,19479.0
2013,BMW,98929,Gasolina,Automática,207.0,43094.0
2024,Hyundai,35891,Gasolina,Automática,98.0,23092.0
2021,Volkswagen,91084,Gasolina,Manual,168.0,20340.0
2021,Ford,36440,Gasolina,Manual,107.0,24188.0
2024,Ford,48077,Gasolina,Manual,110.0,21081.0
2016,Kia,111620,Gasolina,Manual,118.0,17167.0
2011,Ford,95331,Diesel,Automática,141.0,21153.0
2006,Kia,122023,Eléctrico,Automática,101.0,15390.0
2007,Toyota,135336,,Manual,136.0,23911.0
2021,Hyundai,27924,Híbrido,Automática,121.0,25719.0
2009,Toyota,136246,Gasolina,Automática,137.0,12384.0
2021,Audi,76218,Gasolina,Manual,198.0,47320.0
2021,Audi,33676,Gasolina,Manual,212.0,45951.0
2021,Chevrolet,83033,Gasolina,Automática,121.0,19659.0
2006,Mazda,187523,Gasolina,Automática,176.0,15089.0
2006,Kia,157331,Gasolina,Automática,99.0,9457.0
2009,Nissan,172728,Diesel,Automática,167.0,17434.0
2005,Volkswagen,146185,Gasolina,Manual,146.0,15186.0
2005,Audi,141790,Gasolina,Automática,172.0,30869.0
2023,Chevrolet,42482,Híbrido,Automática,157.0,30164.0
2006,Volkswagen,128033,Gasolina,Automática,148.0,16804.0
2016,Hyundai,75100,Gasolina,Manual,127.0,21010.0
2010,Audi,123829,Híbrido,Manual,224.0,49456.0
2008,Toyota,139144,Gasolina,Manual,127.0,16178.0
2015,Nissan,106002,Gasolina,Automática,113.0,17306.0
2021,Nissan,27891,Gasolina,Manual,145.0,22601.0
2010,Mazda,260001,Gasolina,Automática,135.0,12181.0
2009,Toyota,111401,Híbrido,Manual,134.0,20360.0
2024,Audi,58065,Gasolina,Manual,157.0,43501.0
2006,Hyundai,154870,Gasolina,Automática,119.0,12872.0
2010,Nissan,110003,,Automática,112.0,15066.0
2015,Hyundai,108934,,Automática,143.0,20528.0
2020,Kia,45715,,Manual,127.0,25715.0
2020,Ford,62846,Gasolina,Automática,145.0,23416.0
2005,Chevrolet,230874,Gasolina,Manual,140.0,6538.0
2013,Hyundai,95724,Gasolina,Manual,90.0,12731.0
2010,Hyundai,125287,Gasolina,Automática,142.0,13814.0
2020,Chevrolet,43468,Híbrido,Manual,170.0,30827.0
2007,Mazda,160864,Gasolina,Manual,143.0,10926.0
2024,BMW,23971,Gasolina,Automática,222.0,52233.0
2008,Toyota,143435,Gasolina,Automática,109.0,15380.0
2023,Chevrolet,76876,Diesel,Automática,114.0,19034.0
2007,Toyota,135767,Gasolina,Manual,121.0,17544.0
2023,Toyota,61479,Híbrido,Manual,129.0,28848.0
2024,Nissan,49124,Gasolina,Manual,117.0,18203.0
2011,Nissan,150482,Híbrido,Automática,136.0,20777.0
2024,Hyundai,55656,Gasolina,Automática,116.0,22580.0
2013,Hyundai,148346,Gasolina,Automática,90.0,11611.0
2005,Toyota,147572,Gasolina,Manual,130.0,14301.0
2012,Volkswagen,88951,Gasolina,Automática,162.0,24352.0
2011,Audi,91220,Híbrido,Manual,203.0,49005.0
2022,Toyota,26053,Diesel,Automática,143.0,30398.0
2012,Hyundai,104674,Gasolina,Automática,86.0,12031.0
2005,BMW,157948,,Automática,199.0,38827.0
2015,BMW,79155,Gasolina,Automática,167.0,35707.0
2022,Chevrolet,37446,Diesel,Automática,108.0,24040.0
2014,Toyota,89621,Gasolina,Automática,107.0,18761.0
2007,Toyota,141112,Gasolina,Automática,101.0,14518.0
2011,Ford,167154,Gasolina,Manual,129.0,11526.0
2020,Chevrolet,35743,Gasolina,Automática,126.0,18950.0
2020,Toyota,83249,Gasolina,Manual,137.0,23189.0
2024,Nissan,55832,Gasolina,Automática,119.0,24755.0
2021,Toyota,51761,Gasolina,Automática,88.0,25315.0
2006,Volkswagen,158194,Eléctrico,Automática,168.0,24950.0
2005,Kia,149165,Gasolina,Manual,98.0,9624.0
2020,Toyota,79119,Gasolina,Manual,119.0,26779.0
2016,Nissan,70415,Gasolina,Automática,134.0,19617.0
2009,Chevrolet,110741,Diesel,Automática,134.0,13614.0
2009,Audi,101101,Gasolina,Automática,222.0,42521.0
2013,Ford,116334,Gasolina,Manual,150.0,17586.0
2013,Hyundai,92839,Gasolina,Automática,93.0,14914.0
2007,Mazda,115734,Gasolina,Automática,179.0,17618.0
2023,Hyundai,26956,Gasolina,Manual,114.0,24662.0
2020,BMW,79054,Diesel,Manual,187.0,41103.0
2020,Kia,67703,Híbrido,Automática,134.0,22808.0
2007,Ford,123419,Gasolina,Automática,145.0,17796.0
2024,Toyota,87014,Gasolina,Automática,128.0,20923.0
2005,Chevrolet,151785,Híbrido,Automática,180.0,20226.0
2024,Volkswagen,52594,Gasolina,Automática,139.0,35325.0
2015,Volkswagen,97141,Diesel,Automática,139.0,23682.0
2021,Hyundai,51089,Gasolina,Manual,112.0,16815.0
2012,Hyundai,122463,Híbrido,Manual,131.0,17736.0
2008,Volkswagen,172535,Diesel,Automática,115.0,15367.0
2010,Audi,116729,Eléctrico,Automática,161.0,50624.0
2012,Toyota,133527,Gasolina,Automática,108.0,17740.0
2024,Chevrolet,25143,Gasolina,Automática,97.0,20820.0
2007,Kia,209152,Híbrido,Manual,107.0,14899.0
2020,BMW,47070,Gasolina,Automática,200.0,47156.0
2007,Toyota,231262,Gasolina,Manual,102.0,10136.0
2022,Hyundai,29426,Gasolina,Manual,81.0,16981.0
2018,Mazda,67622,Diesel,Automática,136.0,27248.0
2022,Toyota,64033,Híbrido,Automática,137.0,31061.0
2006,Ford,187609,Gasolina,Automática,106.0,10443.0
2007,Chevrolet,199423,Diesel,Manual,146.0,9875.0
2020,Kia,113790,Diesel,Automática,131.0,19364.0
2013,Chevrolet,116860,Gasolina,Manual,149.0,18109.0
2008,Ford,119960,Gasolina,Manual,164.0,14752.0
2005,Hyundai,183786,Gasolina,Automática,154.0,9090.0
2008,Ford,170721,Gasolina,Automática,133.0,12138.0
2005,Volkswagen,161607,Eléctrico,Automática,147.0,26335.0
2018,Volkswagen,64101,Gasolina,Manual,137.0,21496.0
2020,Toyota,43148,Gasolina,Automática,120.0,24125.0
2024,Toyota,24967,,Manual,151.0,36665.0
2012,Hyundai,96176,Gasolina,Automática,83.0,8080.0
2011,Kia,118429,Diesel,Manual,98.0,9197.0
2007,Chevrolet,173869,Gasolina,Manual,158.0,12967.0
2021,Nissan,60340,Híbrido,Automática,145.0,27826.0
2005,Toyota,132225,Gasolina,Automática,113.0,15209.0
2020,Toyota,83753,Eléctrico,Manual,137.0,33383.0
2016,Chevrolet,161803,Gasolina,Manual,137.0,17622.0
2023,Mazda,48027,Gasolina,Automática,165.0,32635.0
2018,Hyundai,61482,Diesel,Manual,111.0,18215.0
2010,Nissan,104650,Gasolina,Manual,146.0,16812.0
2010,Hyundai,141577,Gasolina,Manual,163.0,12713.0
2017,BMW,137523,Gasolina,Manual,202.0,44916.0
2023,BMW,38606,Diesel,Automática,191.0,54295.0
2012,Kia,100105,Gasolina,Automática,129.0,16126.0
2006,Hyundai,149427,Gasolina,Automática,103.0,9702.0
2005,Chevrolet,176666,Gasolina,Automática,178.0,17241.0
2019,Hyundai,54338,Gasolina,Automática,114.0,19328.0
2005,Nissan,159452,Gasolina,Manual,120.0,7670.0
2009,Volkswagen,143573,Gasolina,Manual,128.0,16756.0
2020,Nissan,80054,Gasolina,Manual,147.0,21867.0
2023,Volkswagen,25549,,Manual,162.0,29168.0
2008,Chevrolet,118124,Gasolina,Automática,120.0,11425.0
2007,Toyota,143790,Híbrido,Automática,132.0,16719.0
2021,Mazda,78195,Gasolina,Manual,105.0,20813.0
2021,Kia,143387,Gasolina,Automática,119.0,21000.0
2016,Nissan,66748,Gasolina,Automática,,20062.0
2018,Hyundai,82166,,Automática,144.0,23602.0
2010,Toyota,123561,Gasolina,Automática,105.0,13687.0
2007,Audi,131926,Gasolina,Automática,174.0,33138.0
2013,Toyota,143218,Gasolina,Automática,102.0,15900.0
2009,Audi,145607,Gasolina,Automática,173.0,35843.0
2021,Audi,74607,Gasolina,Automática,227.0,53123.0
2018,Volkswagen,54034,Gasolina,Manual,176.0,24564.0
2007,Nissan,133644,Gasolina,Manual,,14792.0
2005,Ford,154858,Gasolina,Automática,164.0,19132.0
2024,BMW,43969,Eléctrico,Manual,193.0,59188.0
2005,Kia,257979,Gasolina,Manual,113.0,7616.0
2007,Chevrolet,134746,Gasolina,Automática,123.0,10115.0
2022,Nissan,19899,Híbrido,Manual,119.0,29413.0
2014,Chevrolet,101197,Gasolina,Automática,99.0,17780.0
2007,Chevrolet,155697,Gasolina,Automática,135.0,14620.0
2012,Kia,112945,Diesel,Automática,114.0,15825.0
2018,Ford,42865,,Automática,155.0,23465.0
2022,Volkswagen,59340,Gasolina,Manual,147.0,24603.0
2019,Hyundai,84710,Gasolina,Automática,107.0,16856.0
2006,Audi,124899,Gasolina,Automática,183.0,34080.0
2014,Mazda,85350,Eléctrico,Automática,136.0,29169.0
2006,Volkswagen,146082,Gasolina,Manual,160.0,14719.0
2021,Ford,45557,Gasolina,Manual,117.0,19831.0
2012,Volkswagen,102473,Híbrido,Automática,147.0,24340.0
2005,Toyota,161600,Gasolina,Manual,125.0,9738.0
2013,Volkswagen,92402,Gasolina,Automática,131.0,23016.0
2015,Toyota,68229,Gasolina,Manual,108.0,16840.0
2020,BMW,91405,Gasolina,Manual,195.0,40633.0
2011,Audi,97909,Híbrido,Manual,177.0,43573.0
2014,Kia,94718,Gasolina,Manual,122.0,16089.0
2007,Hyundai,130608,Diesel,Automática,92.0,11321.0
2022,Volkswagen,30245,Gasolina,Automática,166.0,23607.0
2017,Hyundai,108171,Gasolina,Manual,157.0,20688.0
2011,BMW,140046,Eléctrico,Automática,173.0,53078.0
2008,Toyota,126861,Gasolina,Manual,131.0,12159.0
2017,Toyota,81227,Gasolina,Automática,105.0,18216.0
2024,Audi,42348,Gasolina,Manual,221.0,49103.0
2005,Nissan,132914,Híbrido,Automática,100.0,12738.0
2012,Volkswagen,92602,Gasolina,Automática,155.0,22503.0
2018,Kia,74844,Gasolina,Automática,98.0,13576.0
2020,Nissan,41971,Gasolina,Automática,121.0,20046.0
2018,Nissan,74623,Gasolina,Automática,104.0,22509.0
2016,Nissan,56827,,Automática,141.0,20753.0
2023,Mazda,35802,Gasolina,Automática,118.0,27977.0
2019,Ford,77104,Gasolina,Automática,151.0,24602.0
2006,Chevrolet,152954,Gasolina,Automática,123.0,7362.0
2006,Hyundai,184249,Gasolina,Manual,108.0,8160.0
2023,Volkswagen,24886,Híbrido,Automática,148.0,34887.0
2021,Hyundai,55473,Gasolina,Manual,95.0,16986.0
2024,Mazda,67733,Eléctrico,Automática,139.0,35779.0
2014,Hyundai,106870,Gasolina,Automática,141.0,18327.0
2010,Nissan,147346,Gasolina,Automática,,14481.0
2019,Mazda,47993,Híbrido,Manual,158.0,31871.0
2015,Hyundai,95165,Gasolina,Manual,140.0,17468.0
2009,Toyota,124277,Gasolina,Automática,104.0,11555.0
2005,Toyota,155863,Eléctrico,Automática,91.0,17132.0
2012,Nissan,95476,Gasolina,Manual,131.0,22152.0
2016,Volkswagen,130731,Gasolina,Manual,134.0,21138.0
2016,Toyota,107259,Diesel,Automática,157.0,30095.0
2009,Mazda,166874,,Automática,136.0,18118.0
2011,Kia,125038,,Manual,99.0,11709.0
2008,Chevrolet,121025,Gasolina,Manual,107.0,11384.0
2010,BMW,140851,Gasolina,Manual,212.0,36615.0
2017,Kia,125259,Diesel,Automática,104.0,13638.0
2024,Chevrolet,47000,Gasolina,Manual,131.0,23495.0
2019,Toyota,51590,Gasolina,Manual,139.0,26062.0
2007,Toyota,129198,Gasolina,Manual,110.0,10901.0
2012,Hyundai,112558,Gasolina,Manual,109.0,13188.0
2024,Toyota,89615,Gasolina,Automática,120.0,27063.0
2020,Nissan,130115,Diesel,Manual,139.0,18928.0
2017,Chevrolet,64673,Gasolina,Manual,142.0,18868.0
2022,Ford,61230,Diesel,Automática,136.0,23946.0
2014,Hyundai,86992,Híbrido,Manual,111.0,16606.0
2023,Kia,22913,Gasolina,Manual,108.0,18637.0
2021,Nissan,73959,Gasolina,Automática,95.0,18122.0
2023,Audi,49364,Gasolina,Automática,205.0,53690.0
2009,Toyota,135046,Gasolina,Automática,158.0,16694.0
2013,BMW,101713,Híbrido,Automática,172.0,46598.0
2016,Ford,95647,Híbrido,Automática,125.0,23404.0
2005,Ford,160572,Gasolina,Manual,123.0,12431.0
2005,Ford,178693,Gasolina,Automática,154.0,16192.0
2019,Toyota,53299,Híbrido,Automática,129.0,31422.0
2006,Toyota,174533,Eléctrico,Automática,,21623.0
2020,Nissan,85091,Gasolina,Automática,107.0,19631.0
2012,Kia,120279,Gasolina,Manual,117.0,10505.0
2017,BMW,82350,Gasolina,Automática,159.0,43286.0
2005,Chevrolet,151332,Eléctrico,Automática,133.0,18070.0
2020,Toyota,61531,Gasolina,Automática,137.0,26693.0
2011,Mazda,118355,Gasolina,Manual,110.0,16297.0
2009,Kia,104644,Gasolina,Manual,84.0,8420.0
2007,Ford,235864,Gasolina,Manual,172.0,14575.0
2016,Mazda,121594,Gasolina,Automática,123.0,20898.0
2020,BMW,130733,Eléctrico,Manual,213.0,61198.0
2023,Volkswagen,63385,Gasolina,Manual,142.0,25015.0
2009,Nissan,116500,Gasolina,Automática,122.0,11467.0
2018,Nissan,88782,Gasolina,Manual,134.0,18283.0
2009,Audi,154369,Gasolina,Automática,182.0,37334.0
2019,Kia,51574,Gasolina,Manual,118.0,19236.0
2021,Toyota,100270,Gasolina,Automática,112.0,21695.0
2018,Hyundai,66237,Gasolina,Automática,84.0,12369.0
2024,Hyundai,60593,Gasolina,Automática,117.0,23466.0
2009,Nissan,179204,Gasolina,Automática,120.0,16601.0
2016,Nissan,94910,Gasolina,Manual,122.0,18266.0
2020,Nissan,113578,Eléctrico,Manual,101.0,25768.0
2020,Toyota,39069,Eléctrico,Manual,152.0,35369.0
2011,Mazda,97075,Gasolina,Automática,153.0,20474.0
2008,Kia,119243,Gasolina,Automática,134.0,15746.0
2005,Nissan,126744,Híbrido,Automática,119.0,17174.0
2009,Ford,179686,Gasolina,Automática,,10954.0
2014,Kia,137228,Diesel,Manual,154.0,15875.0
2009,Toyota,117386,Eléctrico,Automática,119.0,23980.0
2008,Toyota,224769,Gasolina,Automática,105.0,11790.0
2006,Volkswagen,140833,Gasolina,Manual,153.0,14549.0
2024,BMW,109308,Eléctrico,Automática,213.0,64894.0
2014,Nissan,170629,,Manual,125.0,15056.0
2023,Toyota,32457,Gasolina,Automática,146.0,30330.0
2005,Chevrolet,178347,Gasolina,Automática,152.0,15051.0
2009,Mazda,165192,Gasolina,Manual,113.0,11858.0
2017,Volkswagen,68028,Gasolina,Manual,132.0,18939.0
2008,Toyota,103135,Diesel,Manual,139.0,16455.0
2020,Toyota,87396,Eléctrico,Automática,,26325.0
2020,Mazda,46835,Gasolina,Automática,132.0,20341.0
2006,Kia,144382,Gasolina,Manual,86.0,9994.0
2021,Hyundai,62488,Gasolina,Automática,100.0,19805.0
2024,Toyota,55873,Gasolina,Automática,114.0,26546.0
2016,Ford,79714,Gasolina,Manual,133.0,22054.0
2022,Volkswagen,58454,Eléctrico,Manual,134.0,32150.0
2007,Audi,180538,Híbrido,Automática,178.0,44723.0
2005,Ford,124927,,Automática,186.0,17184.0
2005,Ford,129476,Gasolina,Manual,177.0,14346.0
2023,Toyota,24202,Gasolina,Manual,97.0,21462.0
2015,Ford,82220,Gasolina,Manual,172.0,24965.0
2009,Kia,152366,Gasolina,Automática,107.0,10424.0
2016,Nissan,119943,Gasolina,Manual,128.0,18466.0
2007,Chevrolet,137030,Eléctrico,Manual,129.0,14719.0
2005,Hyundai,149093,Gasolina,Automática,97.0,10472.0
2005,Toyota,200708,Gasolina,Automática,140.0,15370.0
2012,Kia,116916,Diesel,Manual,118.0,14710.0
2014,Toyota,91125,Gasolina,Manual,110.0,16713.0
2015,Hyundai,120955,Gasolina,Automática,84.0,14158.0
2016,Audi,110598,Gasolina,Manual,182.0,44142.0
2017,Chevrolet,92289,Gasolina,Manual,97.0,11940.0
2016,Ford,75378,Diesel,Automática,140.0,24510.0
2018,BMW,56853,Gasolina,Manual,166.0,36434.0
2006,Audi,130084,Diesel,Automática,195.0,40111.0
2023,Nissan,28882,Gasolina,Automática,152.0,26378.0
2022,Volkswagen,33631,Gasolina,Manual,169.0,27585.0
2007,Kia,130251,Diesel,Manual,114.0,11029.0
2021,Kia,57256,Gasolina,Automática,113.0,18653.0
2012,Chevrolet,114162,Gasolina,Automática,168.0,21482.0
2014,Nissan,78754,Gasolina,Automática,135.0,15228.0
2006,Mazda,154049,Gasolina,Automática,128.0,14331.0
2023,Kia,47793,Gasolina,Manual,86.0,18468.0
2013,Toyota,102977,Gasolina,Automática,128.0,16822.0
2011,Nissan,104827,Gasolina,Manual,142.0,16086.0
2008,Toyota,115022,Gasolina,Automática,107.0,11131.0
2022,Ford,67563,Eléctrico,Manual,146.0,31966.0
2017,Mazda,83605,Gasolina,Manual,128.0,16533.0
2015,Mazda,102902,Híbrido,Automática,131.0,26004.0
2008,Mazda,126159,Gasolina,Automática,,9609.0
2008,BMW,123958,Gasolina,Manual,186.0,32185.0
2014,Ford,131348,Híbrido,Manual,159.0,24060.0
2009,Mazda,122843,Gasolina,Automática,122.0,13550.0
2013,Nissan,109486,Gasolina,Automática,126.0,16886.0
2007,Hyundai,139608,Gasolina,Manual,95.0,4433.0
2021,Toyota,41057,Gasolina,Manual,127.0,25271.0
2007,Kia,131735,Gasolina,Manual,111.0,13497.0
2020,Chevrolet,141234,Gasolina,Automática,111.0,24627.0
2008,Nissan,120976,Híbrido,Automática,152.0,21312.0
2022,Volkswagen,53447,Gasolina,Automática,164.0,31175.0
2021,Hyundai,44063,Eléctrico,Automática,98.0,23009.0
2011,Toyota,116172,Eléctrico,Manual,130.0,27933.0
2009,Audi,115005,Gasolina,Automática,211.0,43347.0
2016,Toyota,76545,Gasolina,Automática,133.0,21188.0
2021,Chevrolet,33107,Híbrido,Manual,96.0,26570.0
2017,Nissan,83990,Eléctrico,Manual,145.0,27233.0
2007,Ford,133491,Gasolina,Automática,129.0,12799.0
2013,Toyota,119811,Gasolina,Automática,113.0,18703.0
2021,Toyota,56121,Gasolina,Manual,173.0,24662.0
2021,Toyota,42557,Gasolina,Automática,126.0,27693.0
2024,Nissan,20895,Gasolina,Automática,117.0,22708.0
2020,Ford,63467,Diesel,Manual,96.0,17883.0
2017,Hyundai,125187,Gasolina,Manual,138.0,14632.0
2023,Nissan,33475,Gasolina,Manual,98.0,22877.0
2021,Volkswagen,29692,Gasolina,Automática,125.0,24969.0
2008,Toyota,140780,Gasolina,Manual,113.0,9690.0
2016,Ford,126108,Gasolina,Manual,168.0,18906.0
2013,Mazda,120603,Gasolina,Automática,150.0,19684.0
2023,Hyundai,23652,Gasolina,Automática,107.0,19666.0
2016,Kia,90579,Gasolina,Manual,121.0,13964.0
2013,Nissan,130559,Gasolina,Manual,113.0,18521.0
2011,BMW,108139,Eléctrico,Automática,193.0,52088.0
2018,Volkswagen,63872,Gasolina,Automática,146.0,24705.0
2024,Nissan,28445,Gasolina,Automática,144.0,26066.0
2023,Mazda,40928,Gasolina,Manual,154.0,25273.0
2019,Kia,48344,Eléctrico,Automática,125.0,30359.0
2020,Nissan,68533,Gasolina,Automática,118.0,23565.0
2009,Chevrolet,135888,Gasolina,Automática,145.0,14499.0
2007,Hyundai,148549,Gasolina,Automática,108.0,7070.0
2016,Mazda,86504,Gasolina,Manual,113.0,20701.0
2024,Ford,18021,Gasolina,Manual,132.0,25018.0
2008,Kia,129705,Gasolina,Automática,117.0,15928.0
2020,BMW,129792,Gasolina,Automática,208.0,40151.0
2011,Toyota,123414,Gasolina,Automática,116.0,17126.0
2017,Kia,65430,Diesel,Manual,91.0,21031.0
2014,Toyota,116506,Gasolina,Automática,121.0,18188.0
2011,Volkswagen,184554,Híbrido,Automática,147.0,23161.0
2018,Mazda,84986,Gasolina,Manual,139.0,21650.0
2009,Kia,125694,Híbrido,Manual,133.0,15703.0
2007,Nissan,185037,Gasolina,Automática,145.0,12216.0
2015,Chevrolet,82773,Gasolina,Automática,118.0,17276.0
2015,Mazda,124402,,Automática,123.0,17203.0
2022,Chevrolet,39527,Eléctrico,Automática,109.0,32784.0
2019,Chevrolet,60477,Gasolina,Manual,144.0,22244.0
2016,Audi,110094,Gasolina,Manual,229.0,45144.0
2013,Hyundai,146964,Gasolina,Automática,104.0,14626.0
2014,Toyota,97129,Gasolina,Automática,115.0,18471.0
2016,Nissan,127632,Gasolina,Automática,154.0,18561.0
2021,Audi,67616,Gasolina,Automática,210.0,48212.0
2010,Kia,107674,Gasolina,Manual,124.0,12898.0
2011,Toyota,108650,Gasolina,Automática,96.0,13161.0
2018,Kia,90212,Gasolina,Manual,129.0,17066.0
2017,Ford,128065,Gasolina,Manual,121.0,16130.0
2012,Hyundai,143159,Gasolina,Manual,87.0,14535.0
2014,Nissan,131778,Gasolina,Manual,118.0,8648.0
2013,Audi,82506,Gasolina,Manual,188.0,38603.0
2022,Chevrolet,72722,Gasolina,Manual,126.0,25023.0
2006,Kia,166832,Eléctrico,Manual,86.0,13049.0
2009,Chevrolet,136762,Eléctrico,Manual,149.0,23465.0
2009,Toyota,148266,Diesel,Automática,143.0,18811.0
2010,BMW,96694,Gasolina,Manual,151.0,29689.0
2023,Chevrolet,14950,Gasolina,Manual,150.0,20291.0
2012,Chevrolet,118212,Gasolina,Automática,114.0,15455.0
2020,Nissan,62063,Gasolina,Automática,142.0,21806.0
2017,Chevrolet,76433,Gasolina,Automática,129.0,18382.0
2005,Nissan,165073,Diesel,Manual,126.0,9548.0
2024,Toyota,44653,Híbrido,Automática,116.0,35105.0
2021,Volkswagen,66013,Híbrido,Manual,169.0,37910.0
2011,Audi,144535,Gasolina,Manual,175.0,35002.0
2017,Nissan,70239,Gasolina,Manual,137.0,18595.0
2008,Audi,144660,Gasolina,Automática,222.0,38970.0
2008,Toyota,122089,Gasolina,Manual,134.0,15877.0
2010,Chevrolet,95292,Gasolina,Manual,176.0,21442.0
2023,Nissan,38827,Gasolina,Manual,,21656.0
2016,Nissan,120606,Gasolina,Automática,144.0,14475.0
2011,Chevrolet,100516,Gasolina,Automática,128.0,17519.0
2014,Kia,111272,Gasolina,Manual,140.0,18271.0
2023,Toyota,72917,Diesel,Automática,120.0,23073.0
2011,Chevrolet,139086,Gasolina,Automática,122.0,14821.0
2007,Hyundai,128027,Diesel,Automática,136.0,14738.0
2017,Mazda,66592,Gasolina,Manual,125.0,19787.0
2017,Hyundai,82494,Gasolina,Automática,82.0,13647.0
2022,Toyota,58551,Diesel,Manual,110.0,26124.0
2024,Ford,57988,Gasolina,Automática,152.0,26334.0
2012,Nissan,130362,Eléctrico,Manual,153.0,21135.0
2013,BMW,224502,Gasolina,Manual,192.0,29077.0
2011,Ford,168450,Gasolina,Manual,,18845.0
2005,Kia,145665,Gasolina,Automática,88.0,9199.0
2007,Volkswagen,224516,Híbrido,Manual,136.0,17275.0
2017,Ford,60987,Gasolina,Automática,134.0,20904.0
2021,Toyota,38317,Diesel,Manual,118.0,23434.0
2005,Ford,176764,Gasolina,Automática,142.0,10059.0
2010,BMW,117676,Gasolina,Automática,204.0,38527.0
2010,Chevrolet,174679,Gasolina,Automática,121.0,8075.0
2016,Kia,104982,Gasolina,Automática,118.0,15718.0
2017,Toyota,79070,Gasolina,Automática,119.0,20889.0
2017,Toyota,77267,Híbrido,Manual,101.0,24475.0
2019,Chevrolet,64470,Gasolina,Automática,128.0,21438.0
2020,Nissan,34087,Gasolina,Manual,122.0,23019.0
2015,Toyota,76055,Gasolina,Automática,117.0,23367.0
2009,Audi,115679,Gasolina,Automática,201.0,42711.0
2008,Mazda,169949,Gasolina,Manual,,13835.0
2007,Nissan,129304,Gasolina,Manual,,10856.0
2023,Volkswagen,55760,Gasolina,Automática,170.0,28268.0
2024,Toyota,35353,Gasolina,Automática,97.0,26550.0
2022,Chevrolet,34178,Gasolina,Automática,116.0,26871.0
2019,Nissan,76649,Gasolina,Automática,181.0,26266.0
2013,Volkswagen,105145,Gasolina,Automática,124.0,23796.0
2021,Volkswagen,91621,Gasolina,Automática,118.0,20524.0
2018,Hyundai,66709,,Manual,125.0,15510.0
2019,Audi,55965,,Manual,158.0,49508.0
2005,Toyota,178472,Híbrido,Automática,115.0,17286.0
2007,BMW,137331,Gasolina,Automática,233.0,43592.0
2020,Audi,91729,Gasolina,Automática,169.0,43162.0
2015,Hyundai,81948,Diesel,Manual,70.0,11284.0
2016,Mazda,91290,Diesel,Manual,105.0,17923.0
2014,Toyota,86635,Diesel,Manual,138.0,17556.0
2020,Chevrolet,47006,Gasolina,Manual,152.0,20272.0
2012,Ford,81292,Gasolina,Manual,130.0,18721.0
2010,Nissan,176621,,Automática,139.0,17660.0
2016,Audi,76914,Gasolina,Manual,228.0,46270.0
2012,Nissan,125827,Gasolina,Automática,161.0,14869.0
2008,Ford,131628,Gasolina,Manual,135.0,12452.0
2012,Volkswagen,149619,Gasolina,Automática,99.0,12898.0
2022,Audi,24452,Gasolina,Manual,184.0,47812.0
2009,Toyota,134944,Gasolina,Manual,111.0,11941.0
2013,Audi,127933,Gasolina,Manual,195.0,36061.0
2008,Toyota,137055,Gasolina,Automática,116.0,14702.0
2021,Volkswagen,42410,Gasolina,Automática,167.0,28066.0
2013,Kia,78759,Gasolina,Automática,140.0,21370.0
2005,Toyota,140092,Gasolina,Manual,117.0,9720.0
2024,Chevrolet,10777,Gasolina,Automática,152.0,24628.0
2017,Nissan,103030,Diesel,Manual,132.0,14825.0
2020,Chevrolet,76564,Gasolina,Manual,131.0,20301.0
2017,Toyota,106980,Gasolina,Automática,138.0,21066.0
2018,Nissan,57323,Gasolina,Automática,126.0,18185.0
2007,BMW,121229,Híbrido,Manual,231.0,49624.0
2010,Chevrolet,138331,Gasolina,Manual,101.0,12342.0
2022,Hyundai,65108,Gasolina,Automática,100.0,19901.0
2023,Chevrolet,17779,Gasolina,Manual,127.0,26498.0
2009,Toyota,115273,Gasolina,Manual,129.0,16670.0
2019,Volkswagen,125626,Híbrido,Automática,170.0,30296.0
2006,Volkswagen,170649,Diesel,Automática,145.0,14797.0
2014,Nissan,93748,Gasolina,Automática,97.0,17613.0
2022,Kia,29708,Gasolina,Automática,132.0,24806.0
2017,Volkswagen,63025,Gasolina,Automática,160.0,26441.0
2009,Ford,120092,Gasolina,Manual,101.0,9768.0
2005,Volkswagen,129456,Gasolina,Automática,145.0,17552.0
2005,Nissan,193143,Gasolina,Manual,93.0,4493.0
2022,Volkswagen,86969,Gasolina,Manual,132.0,23774.0
2019,Nissan,48090,Gasolina,Automática,107.0,23882.0
2021,Chevrolet,128879,Eléctrico,Manual,146.0,26912.0
2015,Audi,83468,Gasolina,Manual,202.0,38238.0
2021,Ford,57735,Diesel,Manual,114.0,19993.0
2017,Nissan,71206,Gasolina,Manual,143.0,22209.0
2005,Hyundai,133183,Gasolina,Automática,81.0,7754.0
2006,Nissan,139464,Diesel,Automática,132.0,13808.0
2013,Ford,77898,Gasolina,Automática,124.0,17263.0
2007,Hyundai,133604,Gasolina,Manual,103.0,9558.0
2005,Toyota,151354,Gasolina,Manual,130.0,10139.0
2020,Nissan,69551,Eléctrico,Manual,135.0,29611.0
2010,Volkswagen,98177,Gasolina,Manual,172.0,18619.0
2021,Ford,32700,Gasolina,Manual,138.0,21605.0
2009,Hyundai,134312,Híbrido,Automática,116.0,14946.0
2009,Nissan,108129,Gasolina,Automática,116.0,13262.0
2010,Toyota,118493,Gasolina,Automática,124.0,16845.0
2007,Chevrolet,181739,Diesel,Manual,139.0,12452.0
2009,Hyundai,107145,Diesel,Automática,108.0,5225.0
2009,Hyundai,112500,,Manual,74.0,12592.0
2014,Hyundai,129223,Eléctrico,Manual,117.0,19573.0
2014,Chevrolet,71738,Gasolina,Automática,137.0,22551.0
2023,Toyota,40800,Diesel,Automática,106.0,23938.0
2021,Chevrolet,65300,Gasolina,Manual,104.0,19687.0
2018,Ford,102929,Gasolina,Manual,170.0,25471.0
2013,Ford,95744,Gasolina,Manual,150.0,15284.0
2018,Chevrolet,52977,Gasolina,Automática,125.0,21960.0
2005,Volkswagen,159880,Eléctrico,Automática,122.0,20353.0
2023,Toyota,52572,Híbrido,Automática,104.0,28202.0
2017,Ford,146587,Gasolina,Manual,166.0,18260.0
2017,Toyota,73465,Gasolina,Manual,123.0,18791.0
2008,Toyota,142970,Gasolina,Automática,109.0,19871.0
2005,Ford,150627,Diesel,Automática,150.0,17162.0
2021,Ford,36225,Gasolina,Manual,124.0,24865.0
2012,BMW,118276,Gasolina,Automática,220.0,43553.0
2006,Ford,180443,Gasolina,Automática,167.0,11289.0
2012,Audi,129917,Gasolina,Automática,191.0,41239.0
2011,Toyota,102733,Gasolina,Automática,107.0,18935.0
2006,Toyota,141393,Híbrido,Automática,70.0,12114.0
2007,Toyota,180346,Gasolina,Automática,90.0,12769.0
2022,Hyundai,43977,Gasolina,Automática,83.0,20914.0
2016,Ford,125198,Gasolina,Manual,143.0,22498.0
2005,Nissan,148818,Gasolina,Manual,118.0,8370.0
2016,Toyota,84382,Eléctrico,Manual,,22184.0
2009,Audi,160816,Gasolina,Automática,194.0,37368.0
2021,Volkswagen,132367,Gasolina,Manual,,27065.0
2020,Kia,58005,Gasolina,Automática,126.0,17518.0
2019,Toyota,60492,Gasolina,Manual,82.0,14158.0
2019,Hyundai,54372,Gasolina,Manual,107.0,17937.0
2009,Toyota,112055,Gasolina,Automática,92.0,12985.0
2018,Toyota,61430,Gasolina,Manual,138.0,22493.0
2006,Ford,136074,Gasolina,Manual,156.0,15635.0
2015,Hyundai,119375,Gasolina,Manual,92.0,11350.0
2023,Kia,59924,Gasolina,Automática,100.0,17084.0
2011,Audi,138451,Gasolina,Manual,191.0,41067.0
2010,Mazda,143824,Gasolina,Automática,90.0,10419.0
2006,Audi,185875,Híbrido,Automática,207.0,44650.0
2010,Toyota,108046,Híbrido,Manual,115.0,22070.0
2022,Chevrolet,57082,Gasolina,Manual,149.0,22492.0
2006,Ford,121250,Gasolina,Manual,118.0,11059.0
2022,Toyota,25319,Gasolina,Automática,108.0,26092.0
2019,Toyota,72295,Gasolina,Manual,90.0,21359.0
2023,Nissan,42393,Diesel,Manual,105.0,21901.0
2006,Nissan,148347,Gasolina,Automática,101.0,13426.0
2024,Chevrolet,56899,Gasolina,Automática,,21472.0
2010,Ford,173588,Diesel,Manual,126.0,15383.0
2005,Chevrolet,153675,Híbrido,Manual,132.0,12617.0
2019,Toyota,65785,Gasolina,Automática,112.0,25514.0
2014,Kia,84996,Gasolina,Automática,90.0,15073.0
2023,Hyundai,71963,Gasolina,Automática,107.0,19335.0
2021,Toyota,44367,Gasolina,Automática,132.0,27344.0
2009,Audi,123208,Híbrido,Automática,176.0,47954.0
2008,Nissan,153706,Diesel,Automática,141.0,16901.0
2014,Mazda,101577,Diesel,Automática,118.0,17423.0
2021,Kia,58172,Gasolina,Manual,105.0,18037.0
2014,Chevrolet,82659,Híbrido,Automática,141.0,24201.0
2021,Hyundai,66531,Gasolina,Manual,97.0,17702.0
2024,Toyota,127214,Gasolina,Manual,121.0,24133.0
2009,Hyundai,106808,Gasolina,Automática,104.0,7419.0
2006,Volkswagen,127088,Gasolina,Manual,148.0,15997.0
2010,Nissan,146740,Diesel,Automática,77.0,11010.0
2006,Ford,153760,Gasolina,Manual,103.0,7273.0
2017,Chevrolet,127795,Gasolina,Automática,142.0,17954.0
2015,BMW,78509,Gasolina,Automática,211.0,43766.0
2015,Toyota,120581,Gasolina,Automática,102.0,9905.0
2020,Kia,72537,Gasolina,Manual,110.0,16927.0
2015,Kia,75270,Gasolina,Manual,121.0,14480.0
2023,Volkswagen,32433,Híbrido,Automática,159.0,37183.0
2019,Audi,69979,Gasolina,Manual,159.0,37526.0
2020,Hyundai,46601,Gasolina,Automática,92.0,18365.0
2015,BMW,129578,Gasolina,Automática,183.0,42754.0
2020,Volkswagen,84894,Diesel,Manual,159.0,28805.0
2012,Hyundai,100967,Gasolina,Manual,160.0,18097.0
2008,Chevrolet,131825,Gasolina,Manual,125.0,10583.0
2012,Chevrolet,140608,Gasolina,Automática,102.0,14616.0
2008,Audi,134013,Gasolina,Manual,208.0,36516.0
2007,Hyundai,217695,Gasolina,Manual,136.0,7790.0
2007,Volkswagen,156149,Diesel,Manual,147.0,17234.0
2022,Kia,35256,Gasolina,Automática,97.0,19858.0
2023,Mazda,25754,Gasolina,Manual,154.0,29940.0
2023,Chevrolet,78931,Diesel,Manual,143.0,23766.0
2009,Ford,119936,Gasolina,Automática,119.0,15891.0
2022,Volkswagen,55156,Gasolina,Automática,153.0,31668.0
2014,Volkswagen,66990,,Automática,165.0,26989.0
2010,BMW,124017,Gasolina,Manual,214.0,34326.0
2005,Toyota,129542,Gasolina,Manual,119.0,12787.0
2009,Mazda,105416,Gasolina,Automática,128.0,18124.0
2013,Toyota,146047,Híbrido,Manual,145.0,24861.0
2016,Chevrolet,80326,Eléctrico,Automática,106.0,22811.0
2018,Ford,67285,Gasolina,Automática,149.0,21963.0
2006,Chevrolet,230437,Gasolina,Manual,103.0,8241.0
2021,Ford,87581,Gasolina,Automática,161.0,23713.0
2018,Audi,132414,Diesel,Automática,195.0,46026.0
2017,Toyota,123703,Gasolina,Manual,145.0,24068.0
2013,Nissan,129718,Gasolina,Automática,135.0,16991.0
2019,Chevrolet,123857,Diesel,Manual,106.0,16198.0
2019,Toyota,54138,Gasolina,Manual,148.0,22090.0
2015,Toyota,76295,Diesel,Manual,151.0,23580.0
2020,Audi,39458,Gasolina,Automática,218.0,47888.0
2021,BMW,30372,Diesel,Automática,175.0,46526.0
2008,BMW,138612,Híbrido,Automática,184.0,44888.0
2005,Audi,128316,Gasolina,Manual,203.0,37828.0
2012,Hyundai,90718,Gasolina,Automática,96.0,14873.0
2021,Kia,52518,Gasolina,Manual,149.0,20774.0
2007,Nissan,109518,Eléctrico,Automática,128.0,24573.0
2024,Ford,37732,Gasolina,Manual,86.0,20586.0
2019,Chevrolet,69970,Gasolina,Manual,137.0,17726.0
2019,Kia,147666,Gasolina,Manual,108.0,15148.0
2018,Nissan,81205,Gasolina,Automática,124.0,23622.0
2018,Ford,78658,Gasolina,Manual,133.0,20546.0
2006,Hyundai,201837,Gasolina,Automática,126.0,8974.0
2017,Chevrolet,76086,Gasolina,Manual,152.0,23834.0
2018,Ford,80552,,Manual,146.0,22858.0
2023,Ford,75954,Gasolina,Automática,133.0,21817.0
2011,Hyundai,102452,Gasolina,Automática,109.0,9891.0
2007,Mazda,172250,Diesel,Automática,135.0,15965.0
2019,Toyota,46118,Gasolina,Manual,104.0,21213.0
2018,Kia,94924,Híbrido,Manual,127.0,25705.0
2015,Volkswagen,113149,Gasolina,Manual,,21640.0
2019,Ford,60775,Gasolina,Automática,171.0,24986.0
2017,Hyundai,77373,Gasolina,Automática,135.0,19387.0
2022,Mazda,111748,Gasolina,Automática,121.0,22912.0
2010,Ford,121023,Gasolina,Automática,156.0,14266.0
2007,Volkswagen,156614,Gasolina,Manual,126.0,19147.0
2023,Mazda,46885,Diesel,Automática,149.0,30025.0
2019,Nissan,55805,Gasolina,Automática,115.0,21543.0
2009,Ford,116938,Gasolina,Automática,120.0,16052.0
2014,Toyota,110229,Gasolina,Manual,126.0,19441.0
2011,Hyundai,165705,Eléctrico,Manual,70.0,13208.0
2021,Chevrolet,34718,Gasolina,Manual,95.0,18215.0
2011,Nissan,173270,Gasolina,Manual,121.0,13391.0
2016,Ford,105876,Gasolina,Manual,142.0,19778.0
2021,Kia,52107,Gasolina,Manual,108.0,17712.0
2017,Toyota,90388,Gasolina,Automática,88.0,21801.0
2024,Ford,57267,Híbrido,Manual,124.0,28737.0
2008,Kia,115302,Gasolina,Manual,123.0,13101.0
2014,Mazda,95911,Híbrido,Manual,147.0,27176.0
2007,Toyota,141693,Gasolina,Automática,120.0,14325.0
2013,Nissan,79375,Gasolina,Automática,,20300.0
2017,Audi,106835,Híbrido,Automática,208.0,57329.0
2022,Hyundai,38584,Gasolina,Manual,95.0,17450.0
2019,Chevrolet,57556,Eléctrico,Automática,124.0,29486.0
2008,Toyota,133599,Gasolina,Manual,92.0,11517.0
2019,Nissan,81861,Eléctrico,Manual,123.0,24790.0
2006,Ford,157577,Gasolina,Manual,,18451.0
2019,Chevrolet,70793,Gasolina,Manual,144.0,17824.0
2012,Ford,120439,Gasolina,Manual,168.0,15353.0
2012,BMW,96877,Gasolina,Automática,184.0,41702.0
2021,Hyundai,61612,Gasolina,Automática,137.0,23770.0
2016,Toyota,102981,Gasolina,Manual,116.0,16165.0
2023,BMW,33238,Gasolina,Automática,219.0,52288.0
2014,Ford,100260,Gasolina,Manual,140.0,21079.0
2013,BMW,121724,Diesel,Manual,204.0,40366.0
2009,Nissan,127555,Gasolina,Automática,155.0,22211.0
2010,Volkswagen,101360,Gasolina,Automática,141.0,15678.0
2024,Chevrolet,86795,Gasolina,Manual,134.0,24002.0
2006,Mazda,185583,Gasolina,Manual,161.0,15604.0
2017,BMW,81444,Gasolina,Automática,187.0,44343.0
2010,Ford,178524,Gasolina,Automática,114.0,12482.0
2009,Hyundai,147220,Híbrido,Automática,153.0,18488.0
2005,Hyundai,148751,Diesel,Manual,101.0,8890.0
2010,Hyundai,109231,Gasolina,Manual,113.0,13349.0
2010,Hyundai,103367,Gasolina,Manual,133.0,14422.0
2020,Kia,59957,Gasolina,Manual,103.0,20647.0
2008,Ford,118379,Gasolina,Automática,120.0,11864.0
2015,Nissan,77577,Gasolina,Automática,130.0,18876.0
2013,Chevrolet,114645,Gasolina,Manual,94.0,10667.0
2007,Nissan,118199,Gasolina,Automática,119.0,12066.0
2023,Toyota,19583,Gasolina,Automática,125.0,29386.0
2012,Toyota,114133,Gasolina,Manual,115.0,16048.0
2009,Hyundai,146225,Híbrido,Automática,79.0,18560.0
2008,Ford,146620,Gasolina,Automática,172.0,17754.0
2010,Hyundai,97800,Diesel,Automática,112.0,14606.0
2006,Kia,132987,Eléctrico,Manual,144.0,19296.0
2024,Chevrolet,26940,Gasolina,Automática,125.0,23771.0
2015,Volkswagen,68307,Gasolina,Automática,127.0,21908.0
2008,Toyota,136407,Gasolina,Manual,125.0,16199.0
2019,Nissan,75139,Eléctrico,Manual,121.0,27158.0
2010,Nissan,119153,Eléctrico,Automática,101.0,18906.0
2021,Volkswagen,32172,Gasolina,Manual,174.0,26381.0
2010,Audi,199786,Gasolina,Automática,188.0,35813.0
2023,Toyota,29434,Diesel,Automática,83.0,24828.0
2006,Toyota,177090,Gasolina,Manual,147.0,15730.0
2019,BMW,117618,Diesel,Manual,180.0,38072.0
2015,Chevrolet,84583,Híbrido,Automática,118.0,21941.0
2012,Ford,122696,Gasolina,Manual,105.0,13814.0
2023,Nissan,22407,Gasolina,Automática,160.0,23697.0
2017,Nissan,73374,Gasolina,Automática,99.0,16394.0
2016,Audi,99741,Gasolina,Automática,201.0,43216.0
2009,Audi,129874,Gasolina,Automática,218.0,40307.0
2010,Mazda,144247,Diesel,Automática,143.0,18729.0
2008,Kia,125151,Híbrido,Manual,114.0,14480.0
2023,BMW,75085,Eléctrico,Automática,156.0,54604.0
2024,Toyota,21201,Gasolina,Automática,104.0,26865.0
2005,Hyundai,165102,Híbrido,Manual,114.0,15154.0
2024,BMW,27388,Diesel,Manual,174.0,49375.0
2021,Hyundai,31020,Gasolina,Automática,114.0,17221.0
2016,Hyundai,107593,Gasolina,Manual,124.0,16924.0
2019,Toyota,54629,Gasolina,Automática,139.0,24663.0
2005,Volkswagen,134195,Híbrido,Automática,120.0,19531.0
2018,Ford,115310,Gasolina,Manual,184.0,21966.0
2010,Nissan,148089,Diesel,Automática,140.0,16935.0
2009,Hyundai,109661,Gasolina,Manual,,11120.0
2015,Mazda,71906,Gasolina,Manual,157.0,19823.0
2008,Volkswagen,125504,Gasolina,Automática,192.0,19961.0
2017,Kia,60697,Gasolina,Manual,86.0,14512.0
2015,Chevrolet,143801,Gasolina,Automática,125.0,17234.0
2007,Hyundai,114567,Gasolina,Automática,70.0,9372.0
2005,Audi,220262,Diesel,Automática,204.0,39945.0
2010,Nissan,133929,Gasolina,Manual,132.0,12409.0
2022,Audi,67609,Gasolina,Manual,199.0,46300.0
2014,Kia,102256,Gasolina,Automática,102.0,17250.0
2009,Volkswagen,103718,Gasolina,Automática,104.0,18305.0
2014,Volkswagen,123116,Gasolina,Automática,152.0,21813.0
2016,Mazda,88426,Gasolina,Automática,164.0,23003.0
2006,Audi,129144,Híbrido,Manual,188.0,42823.0
2017,Chevrolet,115849,Gasolina,Manual,139.0,15582.0
2012,Toyota,142510,Diesel,Automática,89.0,15316.0
2006,Nissan,182066,Eléctrico,Manual,134.0,19407.0
2024,Mazda,67837,Gasolina,Manual,127.0,25323.0
2005,Ford,142067,Gasolina,Automática,125.0,11541.0
2009,Hyundai,144707,Gasolina,Manual,95.0,9190.0
2013,Ford,138921,Eléctrico,Manual,132.0,21632.0
2021,Kia,86333,Híbrido,Manual,123.0,25437.0
2013,Chevrolet,74429,Gasolina,Automática,104.0,15937.0
2015,Nissan,91792,Diesel,Automática,117.0,18658.0
2019,Mazda,54947,Gasolina,Automática,134.0,22950.0
2010,Hyundai,173110,Eléctrico,Automática,88.0,15923.0
2007,Chevrolet,140139,Eléctrico,Manual,166.0,21199.0
2021,Hyundai,70071,Gasolina,Automática,93.0,20205.0
2009,Hyundai,134578,Gasolina,Manual,97.0,8282.0
2016,Volkswagen,131623,Gasolina,Manual,125.0,22309.0
2022,BMW,119134,Gasolina,Automática,226.0,51885.0
2018,Kia,76591,Diesel,Automática,126.0,19223.0
2015,Mazda,99954,Gasolina,Manual,116.0,17322.0
2013,BMW,152543,Gasolina,Manual,212.0,36564.0
2006,Volkswagen,126934,Gasolina,Automática,149.0,16457.0
2016,Hyundai,68350,Eléctrico,Manual,115.0,27588.0
2007,Audi,128026,Gasolina,Manual,193.0,34238.0
2007,Kia,164389,,Manual,100.0,8659.0
2005,Kia,155344,Gasolina,Manual,122.0,9765.0
2012,Toyota,98194,Eléctrico,Automática,109.0,23481.0
2012,Ford,152659,Diesel,Manual,176.0,17429.0
2015,Toyota,68415,Gasolina,Manual,95.0,14626.0
2013,Hyundai,91409,Gasolina,Automática,141.0,15248.0
2009,Kia,126008,Gasolina,Automática,113.0,6216.0
2018,Volkswagen,142833,,Manual,151.0,22824.0
2007,BMW,127886,Gasolina,Manual,207.0,39391.0
2009,Kia,144739,Híbrido,Manual,102.0,14131.0
2009,Volkswagen,125964,Gasolina,Automática,162.0,16832.0
2023,Volkswagen,24065,Híbrido,Automática,,28104.0
2018,Volkswagen,90109,Gasolina,Automática,131.0,22358.0
2008,Toyota,128870,Gasolina,Automática,102.0,11490.0
2017,Mazda,70215,Diesel,Automática,110.0,23501.0
2014,Audi,76376,Gasolina,Automática,196.0,45477.0
2022,Mazda,53541,Gasolina,Automática,143.0,23615.0
2012,Kia,164261,Gasolina,Manual,129.0,14241.0
2012,Ford,98660,Gasolina,Automática,145.0,22213.0
2011,Nissan,97050,Gasolina,Manual,112.0,17895.0
2012,Ford,85066,Gasolina,Manual,147.0,24025.0
2018,Toyota,48343,Eléctrico,Automática,122.0,29886.0
2023,Kia,42548,Gasolina,Manual,134.0,28909.0
2010,Volkswagen,125800,Diesel,Automática,161.0,21261.0
2005,BMW,164307,Gasolina,Automática,191.0,32471.0
2019,Toyota,67590,Diesel,Manual,102.0,22036.0
2005,Audi,158376,Gasolina,Automática,187.0,33891.0
2021,Kia,109570,Híbrido,Manual,104.0,22504.0
2005,Nissan,194574,Gasolina,Manual,119.0,5084.0
2019,Mazda,108180,Gasolina,Automática,140.0,22103.0
2006,Volkswagen,179202,Gasolina,Automática,159.0,19277.0
2018,Audi,94439,Gasolina,Automática,199.0,45598.0
2012,Kia,86208,Gasolina,Manual,115.0,14321.0
2012,Volkswagen,106587,Gasolina,Automática,148.0,22048.0
2023,Toyota,52877,Gasolina,Manual,110.0,25885.0
2011,Mazda,100507,Híbrido,Automática,116.0,17805.0
2023,Mazda,106918,Gasolina,Manual,100.0,21442.0
2010,Nissan,116180,Gasolina,Automática,111.0,13423.0
2010,Hyundai,97399,Diesel,Manual,,13860.0
2007,BMW,132985,Gasolina,Manual,176.0,33563.0
2011,Hyundai,129037,Gasolina,Automática,105.0,9731.0
2023,Toyota,28510,Gasolina,Automática,129.0,24986.0
2012,Mazda,108252,Eléctrico,Automática,145.0,23790.0
2014,Chevrolet,73563,Híbrido,Automática,108.0,20323.0
2024,Volkswagen,29918,Híbrido,Automática,165.0,40158.0
2019,Chevrolet,69990,Gasolina,Automática,153.0,22990.0
2019,Hyundai,67511,Diesel,Manual,87.0,14098.0
2005,Volkswagen,177628,Gasolina,Automática,129.0,12356.0
2024,Ford,20898,Gasolina,Manual,164.0,24227.0
2011,Hyundai,127229,Gasolina,Automática,107.0,10082.0
2008,Mazda,151591,Gasolina,Automática,,12215.0
2010,Ford,109181,Gasolina,Automática,112.0,12272.0
2005,Nissan,136416,Gasolina,Automática,120.0,13793.0
2009,Chevrolet,191391,Gasolina,Automática,107.0,10470.0
2005,Volkswagen,146732,Gasolina,Automática,137.0,15212.0
2008,Volkswagen,146662,Gasolina,Manual,146.0,15003.0
2006,Mazda,160002,,Automática,164.0,17542.0
2014,Toyota,75586,Diesel,Manual,114.0,21027.0
2009,Volkswagen,134945,Gasolina,Automática,166.0,20752.0
2014,Nissan,103540,Diesel,Manual,,20806.0
2005,Mazda,215733,Gasolina,Manual,164.0,11342.0
2010,Kia,127526,Gasolina,Manual,121.0,13282.0
2017,BMW,104194,Gasolina,Manual,151.0,34038.0
2019,Mazda,93728,Gasolina,Automática,144.0,23387.0
2008,Toyota,129395,Diesel,Manual,141.0,15986.0
2017,Chevrolet,166566,Gasolina,Automática,128.0,16357.0
2024,BMW,24314,Gasolina,Manual,225.0,47839.0
2019,Toyota,43473,Híbrido,Automática,137.0,31623.0
2012,Audi,101142,Gasolina,Automática,211.0,46589.0
2009,Nissan,102134,Gasolina,Automática,147.0,19220.0
2019,Nissan,55320,Gasolina,Automática,132.0,19634.0
2008,Hyundai,135700,Gasolina,Manual,70.0,9560.0
2016,Hyundai,94187,Gasolina,Automática,100.0,15091.0
2017,Audi,73172,Gasolina,Manual,224.0,46990.0
2006,Kia,133170,Eléctrico,Automática,99.0,14797.0
2023,Volkswagen,34887,Gasolina,Automática,141.0,28927.0
2023,Chevrolet,60791,Gasolina,Manual,109.0,21611.0
2008,Toyota,115979,Gasolina,Automática,156.0,15299.0
2008,Toyota,121253,Híbrido,Automática,154.0,25202.0
2015,Ford,102385,,Manual,122.0,21249.0
2009,Audi,132109,Gasolina,Manual,203.0,36672.0
2024,Kia,13079,,Manual,101.0,24818.0
2015,Kia,126562,,Automática,127.0,16390.0
2014,Kia,89377,Gasolina,Automática,125.0,19094.0
2012,Ford,90568,Gasolina,Manual,,13339.0
2010,Chevrolet,99987,Gasolina,Manual,137.0,19916.0
2010,BMW,157181,Gasolina,Automática,249.0,46958.0
2012,Ford,81665,Híbrido,Automática,119.0,21549.0
2019,Ford,80953,Gasolina,Manual,106.0,14334.0
2018,Toyota,101030,Eléctrico,Manual,112.0,27749.0
2015,Audi,84904,Gasolina,Automática,169.0,37475.0
2016,Hyundai,143875,Gasolina,Manual,80.0,12540.0
2017,Toyota,62691,Gasolina,Manual,100.0,19845.0
2012,Nissan,126542,Gasolina,Automática,107.0,12424.0
2022,Nissan,54433,Gasolina,Automática,106.0,24548.0
2005,Chevrolet,217359,Gasolina,Manual,140.0,10310.0
2019,Chevrolet,63151,Gasolina,Manual,120.0,21583.0
2012,Volkswagen,123172,Gasolina,Manual,141.0,18144.0
2015,Hyundai,96268,Diesel,Manual,128.0,13809.0
2016,Volkswagen,62297,Gasolina,Automática,130.0,25169.0
2016,Nissan,84133,Gasolina,Manual,120.0,16829.0
2008,Chevrolet,123026,Gasolina,Automática,137.0,11344.0
2020,Chevrolet,66444,Híbrido,Automática,91.0,26498.0
2008,Hyundai,147775,Gasolina,Manual,70.0,10980.0
2009,Mazda,174575,Gasolina,Manual,142.0,13497.0
2009,Ford,98697,Gasolina,Automática,150.0,22344.0
2012,Kia,111610,Gasolina,Automática,,17958.0
2014,Nissan,76729,Eléctrico,Automática,128.0,25978.0
2021,Audi,72986,Gasolina,Manual,216.0,45556.0
2013,Chevrolet,195058,Gasolina,Automática,126.0,17758.0
2023,BMW,38001,Gasolina,Automática,196.0,46345.0
2018,Kia,59684,Gasolina,Automática,148.0,23639.0
2012,Toyota,101261,Eléctrico,Manual,78.0,19149.0
2013,Hyundai,82877,Gasolina,Automática,118.0,14773.0
2015,Chevrolet,61379,Gasolina,Automática,173.0,25097.0
2005,Hyundai,160396,Gasolina,Manual,116.0,6638.0
2018,Toyota,74488,Gasolina,Automática,153.0,24172.0
2009,BMW,114079,Diesel,Manual,177.0,37764.0
2018,Volkswagen,55206,Gasolina,Manual,144.0,27215.0
2008,Mazda,160717,Gasolina,Manual,136.0,14420.0
2005,Hyundai,194438,Híbrido,Automática,70.0,6968.0
2023,Toyota,48952,Gasolina,Manual,97.0,21295.0
2012,Toyota,81980,Gasolina,Automática,98.0,17182.0
2019,Mazda,65210,Gasolina,Automática,151.0,25503.0
2019,BMW,78493,Eléctrico,Manual,207.0,55363.0
2013,Chevrolet,98799,Gasolina,Automática,136.0,19393.0
2013,Toyota,101261,Diesel,Automática,136.0,21784.0
2014,Ford,85188,Gasolina,Automática,137.0,15957.0
2024,Kia,33265,Gasolina,Automática,139.0,23403.0
2013,Kia,134449,Gasolina,Automática,115.0,13472.0
2007,Nissan,146534,Gasolina,Manual,126.0,10875.0
2024,Mazda,27628,Gasolina,Automática,130.0,31152.0
2015,Toyota,86859,Gasolina,Manual,134.0,20277.0
2010,Toyota,168769,Gasolina,Automática,112.0,12606.0
2006,Audi,127452,Híbrido,Manual,220.0,47333.0
2011,Hyundai,103349,Eléctrico,Automática,87.0,17836.0
2022,Toyota,47212,Gasolina,Automática,98.0,24263.0
2006,Hyundai,134585,Gasolina,Automática,124.0,12096.0
2021,Toyota,100331,Gasolina,Manual,118.0,24067.0
2015,Chevrolet,123470,Gasolina,Manual,121.0,15444.0
2016,Volkswagen,82718,Diesel,Automática,163.0,30415.0
2023,Kia,128794,Gasolina,Automática,103.0,21358.0
2011,Chevrolet,124646,Gasolina,Manual,126.0,12063.0
2024,Nissan,92234,Diesel,Automática,153.0,31960.0
2010,Ford,170978,Gasolina,Automática,171.0,18339.0
2005,BMW,164863,Gasolina,Manual,,32401.0
2021,BMW,36584,Gasolina,Automática,184.0,49206.0
2015,Toyota,95028,Gasolina,Automática,145.0,26708.0
2022,Volkswagen,36810,Gasolina,Automática,126.0,26674.0
2021,Chevrolet,72355,Diesel,Manual,112.0,19783.0
2011,Audi,127137,Diesel,Automática,153.0,37164.0
2021,Ford,63251,Gasolina,Automática,173.0,28630.0
2024,Audi,62808,Eléctrico,Manual,183.0,62116.0
2013,Mazda,113831,Gasolina,Automática,132.0,19774.0
2021,Hyundai,55378,Diesel,Automática,92.0,20498.0
2024,Ford,17676,Gasolina,Automática,154.0,31883.0
2012,Audi,98360,Híbrido,Manual,192.0,46487.0
2021,Volkswagen,38406,Híbrido,Automática,119.0,33033.0
2011,Toyota,143161,Gasolina,Automática,129.0,16541.0
2005,Mazda,149890,Híbrido,Manual,106.0,14851.0
2017,Kia,87367,Diesel,Manual,98.0,16415.0
2023,Toyota,35136,Diesel,Automática,78.0,23939.0
2023,Chevrolet,80891,Gasolina,Automática,102.0,20432.0
2021,Hyundai,74517,Diesel,Manual,114.0,22830.0
2017,Volkswagen,84076,Híbrido,Automática,106.0,24293.0
2020,Kia,62317,Gasolina,Manual,85.0,15402.0
2012,Volkswagen,95240,Eléctrico,Automática,145.0,35086.0
2023,Toyota,32728,Gasolina,Automática,109.0,27591.0
2022,Kia,26310,Gasolina,Automática,155.0,20494.0
2005,Hyundai,171200,Gasolina,Manual,147.0,8024.0
2018,Hyundai,96349,Gasolina,Automática,93.0,12332.0
2023,Toyota,67954,Gasolina,Manual,131.0,22395.0
2019,Hyundai,51241,Gasolina,Manual,125.0,12159.0
2022,Ford,100675,Eléctrico,Automática,128.0,30951.0
2006,Kia,140065,Gasolina,Automática,85.0,5825.0
2021,Chevrolet,71195,Gasolina,Manual,130.0,21140.0
2022,Kia,29456,Gasolina,Automática,112.0,18883.0
2010,BMW,161151,Gasolina,Automática,181.0,35607.0
2023,BMW,64941,Híbrido,Manual,199.0,52335.0
2008,Ford,128912,Gasolina,Automática,125.0,17485.0
2005,Kia,143332,Diesel,Automática,92.0,12489.0
2012,Toyota,130077,Gasolina,Automática,122.0,19268.0
2011,Audi,155019,Gasolina,Automática,208.0,40450.0
2007,Toyota,125337,Gasolina,Automática,,17158.0
2014,Kia,97262,Gasolina,Manual,134.0,12688.0
2014,Kia,88670,Gasolina,Automática,80.0,10821.0
2023,Kia,85204,,Automática,103.0,20484.0
2018,Hyundai,62942,Gasolina,Manual,105.0,21756.0
2006,Volkswagen,125869,Diesel,Automática,132.0,16834.0
2005,Toyota,173649,Gasolina,Automática,109.0,10909.0
2022,Nissan,96281,Gasolina,Automática,162.0,21946.0
2011,Toyota,135588,Gasolina,Manual,103.0,15766.0
2012,Toyota,145436,Gasolina,Manual,169.0,21158.0
2005,BMW,231784,Híbrido,Automática,199.0,43561.0
2007,Hyundai,205866,Gasolina,Manual,112.0,5553.0
2012,Volkswagen,176570,Gasolina,Automática,155.0,17936.0
2019,Ford,58891,Eléctrico,Manual,191.0,31956.0
2009,Toyota,150045,Gasolina,Manual,100.0,12103.0
2007,Audi,145668,Gasolina,Manual,178.0,30262.0
2023,Hyundai,49192,Gasolina,Manual,95.0,16686.0
2005,Volkswagen,189294,Gasolina,Automática,146.0,13571.0
2019,Hyundai,85000,Diesel,Automática,75.0,15915.0
2012,Volkswagen,109999,Diesel,Manual,145.0,19117.0
2006,Toyota,133961,Eléctrico,Manual,,24791.0
2007,Ford,157284,Gasolina,Automática,143.0,14362.0
2018,Volkswagen,71808,Gasolina,Manual,139.0,22173.0
2018,Audi,111074,Diesel,Automática,188.0,46820.0
2015,BMW,127681,Gasolina,Automática,,40223.0
2020,Volkswagen,74549,Gasolina,Automática,128.0,24914.0
2008,BMW,116212,Gasolina,Automática,227.0,41500.0
2024,Hyundai,30737,Gasolina,Automática,149.0,22341.0
2009,Kia,197172,Gasolina,Automática,120.0,13061.0
2018,Kia,90175,,Manual,115.0,19525.0
2020,Kia,108107,Híbrido,Manual,136.0,23956.0
2022,Chevrolet,32798,Gasolina,Manual,152.0,26843.0
2011,Ford,263162,Gasolina,Automática,124.0,13761.0
2014,Toyota,73123,Gasolina,Automática,109.0,19353.0
2011,Mazda,132668,Híbrido,Automática,109.0,19024.0
2005,Hyundai,126411,Gasolina,Manual,118.0,10715.0
2023,Kia,81073,Gasolina,Automática,128.0,24131.0
2020,Ford,47397,Gasolina,Manual,113.0,19385.0
2023,Volkswagen,42067,Gasolina,Manual,136.0,24463.0
2008,Mazda,144442,Gasolina,Manual,108.0,6823.0
2022,Nissan,75335,Diesel,Manual,107.0,21587.0
2006,Toyota,143670,Gasolina,Automática,131.0,14392.0
2005,Ford,159084,Gasolina,Manual,125.0,12529.0
2019,Toyota,77210,Gasolina,Automática,114.0,23107.0
2009,Kia,131472,Gasolina,Automática,82.0,12958.0
2024,Chevrolet,35310,Híbrido,Automática,134.0,28970.0
2015,Toyota,83035,Gasolina,Automática,119.0,22858.0
2014,Hyundai,108762,Híbrido,Manual,95.0,15309.0
2006,Audi,155770,Gasolina,Automática,196.0,38623.0
2007,Audi,127733,Gasolina,Automática,204.0,36083.0
2016,Kia,83416,Gasolina,Manual,99.0,15693.0
2024,Toyota,12486,Gasolina,Automática,90.0,20665.0
2009,Hyundai,124235,Gasolina,Manual,146.0,12220.0
2009,Chevrolet,102716,Diesel,Manual,117.0,14724.0
2010,Audi,113454,Gasolina,Automática,198.0,39483.0
2013,Toyota,86310,Gasolina,Automática,140.0,18576.0
2006,Volkswagen,132141,Diesel,Manual,216.0,24099.0
2016,Toyota,133775,Híbrido,Automática,95.0,21923.0
2007,Audi,120657,Gasolina,Automática,209.0,39046.0
2024,Chevrolet,31106,Eléctrico,Automática,116.0,32215.0
2016,Volkswagen,96445,Gasolina,Manual,134.0,26373.0
2021,Kia,29060,Gasolina,Automática,101.0,23642.0
2014,Nissan,96042,Híbrido,Manual,102.0,21473.0
2018,Hyundai,81755,Gasolina,Automática,109.0,18875.0
2021,Toyota,37651,Gasolina,Manual,91.0,21558.0
2022,Audi,27312,Gasolina,Manual,219.0,43941.0
2023,BMW,68711,Híbrido,Automática,191.0,53995.0
2021,BMW,29288,Diesel,Manual,198.0,45840.0
2018,Nissan,66816,Gasolina,Manual,116.0,14630.0
2013,Volkswagen,84060,Gasolina,Manual,138.0,17064.0
2012,Toyota,80737,Gasolina,Automática,126.0,14992.0
2006,Kia,183734,Gasolina,Manual,92.0,6093.0
2017,Kia,101307,Gasolina,Automática,108.0,19057.0
2011,Nissan,157579,Diesel,Manual,108.0,15241.0
2013,Kia,109078,Gasolina,Manual,97.0,13529.0
2015,Toyota,72079,Gasolina,Manual,78.0,13731.0
2018,Nissan,64754,Gasolina,Automática,152.0,18847.0
2008,Volkswagen,110875,Gasolina,Manual,131.0,11637.0
2017,Chevrolet,75320,Eléctrico,Manual,153.0,25631.0
2006,Toyota,180774,Gasolina,Automática,141.0,12330.0
2009,Hyundai,118903,Gasolina,Automática,84.0,9688.0
2015,Hyundai,102817,Gasolina,Manual,88.0,10558.0
2010,Kia,130462,Gasolina,Manual,166.0,15889.0
2022,Nissan,29220,Gasolina,Automática,160.0,26466.0
2014,Nissan,77481,Gasolina,Manual,124.0,16835.0
2008,Mazda,154609,Gasolina,Manual,140.0,15995.0
2013,Kia,88086,Gasolina,Automática,102.0,12411.0
2010,Volkswagen,134490,Gasolina,Automática,154.0,20491.0
2006,Hyundai,129841,Gasolina,Automática,96.0,8900.0
2021,Chevrolet,42904,Eléctrico,Manual,89.0,24921.0
2009,Volkswagen,139849,Gasolina,Manual,119.0,16180.0
2010,Hyundai,119121,Gasolina,Automática,110.0,14402.0
2016,Toyota,79706,Gasolina,Manual,97.0,15564.0
2014,BMW,80574,Gasolina,Automática,,40597.0
2010,Kia,126538,Diesel,Automática,94.0,13412.0
2012,Mazda,94810,Gasolina,Manual,119.0,15299.0
2006,Toyota,162079,Gasolina,Automática,137.0,15803.0
2016,Mazda,68833,Gasolina,Automática,140.0,22777.0
2017,Kia,73488,Gasolina,Automática,115.0,22641.0
2011,Toyota,132672,Diesel,Manual,138.0,14530.0
2014,Nissan,107423,Gasolina,Manual,135.0,16438.0
2017,Hyundai,91698,Gasolina,Automática,139.0,17245.0
2021,Chevrolet,54231,Gasolina,Manual,121.0,22204.0
2018,Toyota,54084,Diesel,Automática,111.0,20040.0
2006,Toyota,172393,Gasolina,Manual,94.0,9894.0
2015,Kia,92932,Híbrido,Automática,106.0,19291.0
2005,Toyota,139908,Gasolina,Manual,139.0,11434.0
2023,BMW,30606,Híbrido,Automática,216.0,56975.0
2008,Toyota,191880,Gasolina,Manual,139.0,12117.0
2023,Ford,40789,Diesel,Manual,104.0,25529.0
2015,Toyota,69580,Gasolina,Manual,142.0,20836.0
2012,Kia,149435,Híbrido,Automática,78.0,16263.0
2015,BMW,85392,Gasolina,Manual,208.0,44322.0
2008,Hyundai,122910,Gasolina,Automática,103.0,11327.0
2021,Audi,37027,Gasolina,Automática,214.0,49720.0
2011,Hyundai,118126,Gasolina,Manual,83.0,10817.0
2012,Mazda,138465,Gasolina,Automática,158.0,18111.0
2007,Ford,143004,Eléctrico,Manual,111.0,16901.0
2006,BMW,136513,Eléctrico,Automática,177.0,44551.0
2019,Ford,44049,Gasolina,Automática,120.0,24423.0
2009,Ford,122717,Híbrido,Manual,105.0,15376.0
2005,Hyundai,160108,Gasolina,Manual,112.0,7610.0
2008,Hyundai,118068,,Manual,146.0,10164.0
2019,BMW,109470,Gasolina,Automática,243.0,50292.0
2024,Kia,28987,Gasolina,Manual,117.0,20789.0
2023,Kia,54243,Eléctrico,Automática,137.0,31861.0
2007,Mazda,131777,Gasolina,Manual,140.0,15552.0
2024,Kia,61379,Gasolina,Automática,125.0,25304.0
2015,Audi,96478,Gasolina,Manual,193.0,40212.0
2021,Mazda,111198,Gasolina,Automática,139.0,19668.0
2017,Nissan,85105,Gasolina,Automática,136.0,27295.0
2015,BMW,107624,Eléctrico,Automática,178.0,57708.0
2006,Toyota,152650,Diesel,Manual,118.0,14508.0
2013,Hyundai,84230,Diesel,Manual,109.0,13165.0
2006,Chevrolet,184432,Gasolina,Manual,147.0,10325.0
2013,Hyundai,114425,Gasolina,Automática,89.0,11540.0
2013,Mazda,120498,Gasolina,Manual,134.0,19588.0
2012,BMW,142348,Gasolina,Automática,228.0,43282.0
2021,Chevrolet,90152,Gasolina,Manual,,20356.0
2005,Kia,133312,Diesel,Automática,142.0,12543.0
2015,Audi,70935,Gasolina,Automática,200.0,47369.0
2012,Chevrolet,95196,Gasolina,Automática,136.0,20881.0
2014,Ford,77264,Gasolina,Manual,160.0,23377.0
2011,Kia,107346,Gasolina,Manual,146.0,16656.0
2007,BMW,120451,Gasolina,Manual,151.0,28238.0
2007,Ford,121219,Híbrido,Manual,114.0,8822.0
2022,Volkswagen,59485,Gasolina,Automática,171.0,30502.0
2009,Volkswagen,103173,Diesel,Automática,139.0,20224.0
2016,Kia,87843,Gasolina,Automática,102.0,16973.0
2016,Chevrolet,112237,Gasolina,Manual,105.0,15361.0
2023,Volkswagen,69928,Gasolina,Automática,134.0,24058.0
2010,Kia,139532,Híbrido,Automática,87.0,16093.0
