id_usuario,nombre,email,fecha_registro,ciudad,plan,telefono,utm_source,utm_campaign,columna_innecesaria1,columna_innecesaria2
,Camila Fuentes,,05-11-2023,La Florida,,+56 9 4517 1614,,SUMMER ,1145.0,x
,Javiera Silva,correo_invalido,2025-05-19,Puente Alto,Free,+56 9 7499 1812,google,blackfriday,,y
3.0,Javiera Silva,javiera836@outlook.com,,La Florida,Pro,9-123,google,summer,,   
4.0,camila fuentes,camila307@outlook.com,,PUENTE ALTO,Free,,linkedin,SUMMER ,4718.0,x
5.0,JAVIERA SILVA,,06/05/2025,,Free,9-123,linkedin,SUMMER ,,x
,,correo_invalido,06-07-2024,puente alto,,9-123,,,,
7.0,MARÍA LÓPEZ,maría787@empresa.cl,28-08-2023,PUENTE ALTO, free ,+56 9 7405 9134,meta,SUMMER ,,y
8.0,diego herrera,diego700@mail.com,2024-13-40,Providencia,Pro,9-123,meta,summer,7946.0,
9.0,Luis Diaz,luis379@empresa.cl,09/01/2023,Puente Alto,,9-123,  GOOGLE  ,SUMMER ,,   
10.0,Juan Soto,juan196@gmail.com,2024-13-40,MAIPÚ,Free,+56 9 6571 1861,google,blackfriday,8792.0,
11.0,Matias González,correo_invalido,2023-02-22,ñuñoa,,+56 9 6966 8768,google,SUMMER ,,   
12.0,,,25/06/2023,PUENTE ALTO,,9-123,linkedin,blackfriday,8900.0,
13.0,JUAN SOTO,correo_invalido,,La Florida,Enterprise,+56 9 4654 4197,,blackfriday,,
14.0,ana pérez,,2023/02/27 00:00:00,puente alto,Enterprise,+56 9 2319 4612,meta,SUMMER ,,y
,valentina torres,correo_invalido,04-01-2023, Santiago ,Pro,,linkedin,summer,,   
16.0,Juan Soto,correo_invalido,22/11/2023,Providencia,,+56 9 8771 6741,  GOOGLE  ,blackfriday,351.0,x
17.0,JAVIERA SILVA,javiera29@empresa.cl,13-10-2023,Ñuñoa,Pro,9-123,,blackfriday,,   
,MATÍAS GONZÁLEZ,correo_invalido,24-11-2025,La Florida, free ,+56 9 4000 1064,meta,blackfriday,7758.0,x
, Camila Fuentes ,correo_invalido,,SANTIAGO,Pro,+56 9 5537 1691,  GOOGLE  ,SUMMER ,9204.0,x
,Valentina Torres,correo_invalido,, Ñuñoa ,,9-123,meta,,9168.0,   
21.0, María López ,correo_invalido,2025-05-03, Providencia ,Free,+56 9 4484 5960,meta,,,y
22.0, Valentina Torres ,valentina907@mail.com,2024-13-40,PUENTE ALTO,Pro,,linkedin,SUMMER ,,
23.0,Juan Soto,correo_invalido,2025-01-19, Santiago ,Enterprise,9-123,google,summer,3745.0,x
24.0,luis díaz,,2024-07-10,puente alto, free ,9-123,  GOOGLE  ,SUMMER ,5359.0,
25.0,ana pérez,correo_invalido,11-01-2024,santiago,Free,,google,SUMMER ,,   
,,luis245@gmail.com,2023-09-22,Ñuñoa,Pro,9-123,linkedin,blackfriday,,y
27.0,Luis Díaz,correo_invalido,2024-12-11,La Florida,Pro,+56 9 9425 8778,,summer,,   
28.0,JAVIERA SILVA,correo_invalido,2024-13-40,,Pro,+56 9 7630 6694,meta,summer,,   
, María López ,correo_invalido,2023-04-24,,Enterprise,+56 9 1741 8527,meta,,7305.0,
30.0,CAMILA FUENTES,camila36@empresa.cl,,ÑUÑOA,Free,+56 9 6494 7252,,,8238.0,y
31.0,Javiera Silva,correo_invalido,2023-01-11, Santiago ,Free,9-123,meta,summer,9595.0,   
32.0,,camila634@outlook.com,09/10/2025,Puente Alto, free ,9-123,  GOOGLE  ,summer,9570.0,x
,ana pérez,,27/03/2023,Maipú,Free,9-123,meta,SUMMER ,4322.0,   
34.0,,correo_invalido,, Puente Alto ,Enterprise,+56 9 2219 5350,meta,blackfriday,,   
35.0,Juan Soto,juan632@outlook.com,2024-13-40,LA FLORIDA,Enterprise,9-123,  GOOGLE  ,blackfriday,,x
36.0,,,2024-13-40,Puente Alto,Enterprise,,google,blackfriday,5107.0,   
37.0,Ana Pérez,,16-08-2024,MAIPÚ,Pro,+56 9 2222 2479,  GOOGLE  ,,5891.0,
38.0, Juan Soto ,juan404@gmail.com,17/01/2025, Santiago , free ,9-123,meta,SUMMER ,,
39.0,juan soto,juan860@mail.com,2024-11-09,,Free,,google,SUMMER ,6393.0,
40.0,Diego Herrera,correo_invalido,2024-07-17,PROVIDENCIA,Enterprise,,meta,,7009.0,   
41.0,Javiera Silva,,2024-13-40,LA FLORIDA,Enterprise,9-123,meta,blackfriday,,
,,,2024/09/01 00:00:00,PUENTE ALTO,Enterprise,+56 9 8916 7461,meta,blackfriday,1232.0,   
43.0, Javiera Silva ,correo_invalido,26-03-2024,PROVIDENCIA,Free,9-123,google,,,
, Matías González ,correo_invalido,2024-02-18,LA FLORIDA, free ,+56 9 5427 6541,,,,y
45.0,Javiera Silva,,2024-13-40,, free ,+56 9 8075 6112,meta,summer,,   
, Ana Pérez ,ana996@mail.com,30-05-2023,SANTIAGO,Pro,9-123,google,SUMMER ,1393.0,x
47.0,,maría733@empresa.cl,,puente alto,,+56 9 8166 2837,google,,8593.0,   
48.0,Luis Díaz,,,ñuñoa,Pro,+56 9 8787 9622,  GOOGLE  ,blackfriday,,
49.0,,ana663@mail.com,14/02/2023,ÑUÑOA, free ,,google,,,   
,Pedro Rojas,,2023/01/14 00:00:00,providencia,Pro,+56 9 4781 8620,linkedin,,,y
,Pedro Rojas,,20-09-2025,SANTIAGO,Free,+56 9 3325 7805,google,blackfriday,,
52.0,JUAN SOTO,juan190@mail.com,12/06/2023,, free ,,meta,summer,48.0,
53.0,Juan Soto,,20-12-2024,ñuñoa, free ,9-123,,blackfriday,,y
54.0,Camila Fuentes,camila647@mail.com,2024-13-40, Puente Alto ,Free,,google,summer,4211.0,x
55.0,matías gonzález,,2024/11/25 00:00:00,,Enterprise,+56 9 5515 5872,  GOOGLE  ,summer,398.0,x
56.0, Valentina Torres ,valentina835@mail.com,11-08-2025,MAIPÚ,Free,9-123,meta,,,
57.0, Matías González ,matías771@outlook.com,,Maipú,Free,,meta,SUMMER ,1724.0,
58.0, Matías González ,matías511@mail.com,22/06/2023,PROVIDENCIA, free ,9-123,  GOOGLE  ,summer,,
59.0,,,2024/07/02 00:00:00,PROVIDENCIA,Pro,,  GOOGLE  ,blackfriday,5347.0,   
,LUIS DÍAZ,correo_invalido,,Maipú,Free,+56 9 1073 8778,,,,y
,Juan Soto,,14/04/2023,LA FLORIDA, free ,+56 9 5258 1103,  GOOGLE  ,,3566.0,
62.0,camila fuentes,camila40@outlook.com,2023-10-17, Ñuñoa ,Enterprise,+56 9 4033 6115,meta,summer,,x
,Diego Herrera,correo_invalido,27-07-2023, Providencia ,Enterprise,9-123,linkedin,SUMMER ,,
64.0,,correo_invalido,2025-05-02,MAIPÚ,Free,,google,summer,,   
65.0,Maria López,maría146@mail.com,2023-09-24,La Florida,Enterprise,+56 9 9265 3812,linkedin,,2652.0,x
66.0,juan soto,,24-02-2025,Ñuñoa,,9-123,  GOOGLE  ,blackfriday,,y
67.0,Valentina Torres,,,Ñuñoa,Pro,+56 9 5047 4155,  GOOGLE  ,summer,5312.0,   
,matías gonzález,,,LA FLORIDA, free ,,  GOOGLE  ,SUMMER ,2929.0,x
69.0, Matías González ,matías782@mail.com,29-09-2025, Maipú ,Free,,,,,x
,ana pérez,ana797@gmail.com,2023-09-24, La Florida ,Pro,9-123,google,blackfriday,,
71.0,Maria López,maría775@empresa.cl,2024-03-28,Ñuñoa,Enterprise,,  GOOGLE  ,SUMMER ,,y
72.0,CAMILA FUENTES,correo_invalido,2025-02-01,,Enterprise,,google,summer,,x
73.0,luis díaz,correo_invalido,2024-13-40,providencia,Enterprise,+56 9 2333 8246,meta,summer,,
74.0,,matías35@outlook.com,2024-13-40,Ñuñoa, free ,,google,blackfriday,8002.0,x
,ana pérez,correo_invalido,2023-04-22,Ñuñoa,Pro,9-123,meta,blackfriday,,y
,MARÍA LÓPEZ,maría462@gmail.com,29/01/2023,PUENTE ALTO,Enterprise,+56 9 7585 5329,google,,,   
77.0,Pedro Rojas,,2023-12-05,PROVIDENCIA,Pro,+56 9 1956 2718,  GOOGLE  ,blackfriday,,y
, Javiera Silva ,correo_invalido,2024-13-40,Ñuñoa,Enterprise,9-123,  GOOGLE  ,summer,,   
79.0,Juan Soto,correo_invalido,15/07/2025,Santiago,Enterprise,,  GOOGLE  ,SUMMER ,,
80.0,PEDRO ROJAS,correo_invalido,,PROVIDENCIA,Enterprise,,  GOOGLE  ,blackfriday,,   
81.0,,javiera240@empresa.cl,2023-01-14,Maipú,,+56 9 2274 3810,google,summer,1834.0,y
82.0,Camila Fuentes,correo_invalido,2024-13-40,,Free,+56 9 2111 1764,  GOOGLE  ,,3266.0,   
83.0,Juan Soto,correo_invalido,19/05/2024,,Enterprise,+56 9 8817 2636,google,blackfriday,,
84.0,diego herrera,diego953@empresa.cl,2024-06-18,puente alto,Enterprise,,  GOOGLE  ,summer,6766.0,   
85.0,,correo_invalido,2023/07/21 00:00:00,Santiago,Enterprise,+56 9 3791 8144,  GOOGLE  ,blackfriday,4725.0,x
86.0,,,2025-10-02,la florida,,,meta,blackfriday,8165.0,x
,Juan Soto,,2024-13-40, Santiago , free ,9-123,google,,,
88.0,,diego240@mail.com,23/10/2025,La Florida,,9-123,linkedin,blackfriday,,y
89.0,Valentina Torres,,2024-13-40,,Pro,,linkedin,blackfriday,2556.0,
90.0,MATÍAS GONZÁLEZ,,2025/12/05 00:00:00,Puente Alto,Pro,,meta,blackfriday,,   
,Luis Díaz,,2024-02-06,Maipú,Free,9-123,meta,,7591.0,y
,LUIS DÍAZ,correo_invalido,2025-04-08,La Florida, free ,9-123,meta,summer,,
93.0, Luis Díaz ,,20-07-2023, Maipú , free ,9-123,meta,,,   
,JUAN SOTO,correo_invalido,2023/03/20 00:00:00,Ñuñoa,,+56 9 8483 9864,,summer,,   
95.0, Valentina Torres ,correo_invalido,2024-13-40,la florida,Free,,,summer,219.0,   
96.0,Diego Herrera,correo_invalido,,Maipú,Pro,+56 9 7421 8571,meta,blackfriday,1129.0,   
97.0,,,07/04/2024,Ñuñoa,Pro,+56 9 8690 6812,linkedin,SUMMER ,,y
98.0,valentina torres,,2024-13-40, Maipú , free ,+56 9 2399 6938,linkedin,SUMMER ,935.0,
,Maria López,maría16@gmail.com,2025/12/22 00:00:00,,Enterprise,9-123,meta,blackfriday,,
,MARÍA LÓPEZ,correo_invalido,03-03-2024,,Enterprise,9-123,meta,summer,7186.0,x
101.0, Luis Díaz ,,08/05/2025,MAIPÚ, free ,+56 9 5039 9162,  GOOGLE  ,summer,,   
102.0, Matías González ,,2024-13-40,Puente Alto,Pro,+56 9 6904 1467,  GOOGLE  ,summer,5415.0,   
103.0,,,2023-10-23,,Enterprise,9-123,  GOOGLE  ,blackfriday,,
104.0,diego herrera,,,maipú,,,meta,SUMMER ,,y
,,,04/09/2024,Puente Alto, free ,,linkedin,summer,102.0,y
,Valentina Torres,correo_invalido,,,,+56 9 2359 4481,,blackfriday,1661.0,x
107.0,diego herrera,,2024-13-40,,Enterprise,,google,,,x
108.0, Valentina Torres ,,2025-12-05,Santiago, free ,,  GOOGLE  ,summer,,y
109.0,María López,maría701@gmail.com,01-02-2023,Providencia,Pro,,  GOOGLE  ,blackfriday,7386.0,x
110.0,camila fuentes,,2024-13-40,puente alto,Free,+56 9 1523 1186,google,summer,,
,Matías González,correo_invalido,06-12-2023, Puente Alto , free ,+56 9 3727 3374,linkedin,blackfriday,,   
112.0,valentina torres,correo_invalido,,,,+56 9 6440 1253,  GOOGLE  ,,,y
113.0,Diego Herrera,,2024-13-40,,Free,,,blackfriday,9612.0,
,,,2023/10/29 00:00:00,La Florida,,+56 9 8942 7254,meta,,9944.0,   
,Valentina Torres,,2024/02/28 00:00:00,La Florida,,+56 9 6818 2026,,,,   
116.0,JAVIERA SILVA,correo_invalido,18/02/2024,ñuñoa,,9-123,meta,blackfriday,,
117.0,Juan Soto,correo_invalido,2024-13-40,santiago,Enterprise,+56 9 9510 1337,google,blackfriday,,y
118.0, Luis Díaz ,,27-07-2024,santiago,Pro,+56 9 3961 7196,google,summer,,   
, Valentina Torres ,correo_invalido,,santiago,Enterprise,9-123,  GOOGLE  ,SUMMER ,,y
120.0,CAMILA FUENTES,,2024-13-40,Santiago,Free,9-123,,summer,1656.0,
,ana pérez,correo_invalido,2024-13-40, Santiago ,Enterprise,,google,,,y
,Valentina Torres,valentina480@outlook.com,03/05/2024,PROVIDENCIA,Free,,google,SUMMER ,357.0,   
123.0,Camila Fuentes,camila644@empresa.cl,22/10/2024,ÑUÑOA,Free,9-123,meta,SUMMER ,,   
124.0,diego herrera,,20/05/2024,providencia, free ,,,summer,2513.0,y
125.0,javiera silva,,2025/09/04 00:00:00,maipú,Pro,,linkedin,SUMMER ,2658.0,
,maría lópez,,02-02-2023,Santiago,Enterprise,,google,SUMMER ,,y
127.0,,correo_invalido,,Santiago,,+56 9 9117 5487,meta,blackfriday,,y
,Ana Pérez,correo_invalido,2024-13-40,ñuñoa,Enterprise,+56 9 9077 2479,,SUMMER ,,y
129.0,,,2025-01-21, La Florida ,,,meta,,6249.0,
,Juan Soto,juan544@outlook.com,10-10-2025,Providencia,Pro,+56 9 3988 3750,linkedin,,9100.0,x
131.0,Juan Soto,correo_invalido,2024/02/04 00:00:00,, free ,+56 9 2685 6745,meta,summer,4474.0,   
132.0,Valentina Torres,valentina125@mail.com,2025/10/22 00:00:00,La Florida,Pro,9-123,  GOOGLE  ,SUMMER ,6499.0,x
,Diego Herrera,diego38@mail.com,,ñuñoa, free ,9-123,,,6564.0,
134.0,JAVIERA SILVA,correo_invalido,2024-13-40,Puente Alto,Enterprise,+56 9 2786 9696,google,,7095.0,x
135.0, Pedro Rojas ,pedro649@gmail.com,13-10-2023,,,9-123,  GOOGLE  ,summer,,x
136.0,Javiera Silva,,28-01-2023,,Pro,9-123,  GOOGLE  ,,,y
137.0,valentina torres,correo_invalido,,ñuñoa,Pro,,,blackfriday,6335.0,
138.0, Valentina Torres ,valentina839@empresa.cl,,providencia,Pro,9-123,,SUMMER ,,y
139.0, Pedro Rojas ,pedro277@empresa.cl,,Ñuñoa,Free,9-123,linkedin,SUMMER ,,   
140.0,,,,,Enterprise,9-123,  GOOGLE  ,,8484.0,   
141.0,Luis Díaz,,18-09-2023,Maipú,Pro,9-123,  GOOGLE  ,summer,,   
142.0, Luis Díaz ,correo_invalido,2024/12/23 00:00:00,Ñuñoa, free ,,meta,,,   
143.0,matías gonzález,,2024-04-20, Providencia ,Free,,  GOOGLE  ,SUMMER ,,   
, Javiera Silva ,,2024-13-40,Santiago,Enterprise,9-123,google,blackfriday,,
,Javiera Silva,,2024-13-40, Maipú , free ,9-123,google,blackfriday,,
146.0,Juan Soto,correo_invalido,,Ñuñoa, free ,,  GOOGLE  ,blackfriday,8273.0,   
,Maria López,correo_invalido,2024-13-40,,Free,+56 9 7740 1175,linkedin,summer,,x
148.0,MATÍAS GONZÁLEZ,correo_invalido,2024-13-40,la florida,,9-123,meta,SUMMER ,9859.0,y
149.0,María López,maría103@gmail.com,, La Florida , free ,9-123,google,,2359.0,
150.0,,,2023-12-13, Providencia ,,+56 9 7318 1320,meta,SUMMER ,9547.0,   
151.0,Ana Pérez,,03/05/2024, Santiago ,Enterprise,,google,blackfriday,6387.0,   
152.0,Luis Díaz,luis812@outlook.com,2024-13-40,PROVIDENCIA,Enterprise,+56 9 7209 4056,linkedin,SUMMER ,,x
153.0, Camila Fuentes ,camila667@gmail.com,29-12-2025,maipú,,+56 9 5013 7346,,,5644.0,   
154.0,ana pérez,ana825@outlook.com,2024-13-40,PUENTE ALTO,Free,9-123,meta,SUMMER ,7653.0,y
, Camila Fuentes ,,23/12/2024,Maipú,Pro,9-123,meta,,,
,Javiera Silva,javiera218@outlook.com,19-05-2024,Puente Alto,Free,9-123,,summer,9301.0,
157.0,,,2024-13-40,,Free,9-123,linkedin,blackfriday,,x
, Pedro Rojas ,,13/08/2024,,Pro,+56 9 5530 3890,linkedin,,6760.0,   
,Pedro Rojas,pedro187@empresa.cl,2025/03/31 00:00:00,Ñuñoa,Pro,+56 9 1662 7629,  GOOGLE  ,blackfriday,7057.0,
160.0,Maria López,correo_invalido,2024-13-40,Providencia, free ,,  GOOGLE  ,,16.0,
,Ana Pérez,ana39@empresa.cl,07/04/2023,,Free,9-123,  GOOGLE  ,blackfriday,4607.0,
,Diego Herrera,correo_invalido,2025/06/25 00:00:00,,Pro,+56 9 8018 9386,,blackfriday,,y
163.0,Javiera Silva,javiera267@outlook.com,2024-13-40,providencia,Enterprise,+56 9 7744 2516,linkedin,blackfriday,,   
,,correo_invalido,2024-05-10,,Enterprise,9-123,  GOOGLE  ,blackfriday,5466.0,   
165.0, María López ,maría852@outlook.com,,puente alto,Free,+56 9 6906 8972,google,summer,,y
166.0,JUAN SOTO,,24-09-2024,la florida,Enterprise,+56 9 3754 2176,google,SUMMER ,7955.0,
, Matías González ,,2024-06-25,Providencia,Enterprise,+56 9 1136 6886,linkedin,,4031.0,y
168.0,ana pérez,correo_invalido,21-02-2023,,Pro,9-123,  GOOGLE  ,,6216.0,
169.0,Camila Fuentes,,2024/04/16 00:00:00,Providencia,Free,+56 9 2756 7606,meta,SUMMER ,,y
,LUIS DÍAZ,,14/06/2023, Puente Alto ,Free,,meta,blackfriday,6103.0,x
171.0,matías gonzález,correo_invalido,13-11-2025, Puente Alto ,Enterprise,+56 9 2027 8187,meta,blackfriday,,x
172.0, Valentina Torres ,correo_invalido,, Maipú ,,9-123,  GOOGLE  ,summer,,
173.0,,,2025/05/12 00:00:00,Ñuñoa,Free,9-123,,summer,,   
, Camila Fuentes ,camila406@empresa.cl,21/12/2025,PROVIDENCIA,Pro,+56 9 9980 2839,linkedin,summer,,   
,Pedro Rojas,correo_invalido,27/07/2025,La Florida,,9-123,google,SUMMER ,2201.0,x
176.0,VALENTINA TORRES,valentina577@mail.com,,providencia,,+56 9 1942 7624,google,,684.0,y
,VALENTINA TORRES,correo_invalido,2024-09-06,Providencia,Free,,linkedin,summer,4189.0,y
,camila fuentes,camila740@mail.com,2024-13-40,la florida,Free,,  GOOGLE  ,summer,560.0,
179.0,Camila Fuentes,camila859@mail.com,2024-13-40, Santiago ,Free,+56 9 2208 5233,meta,,6240.0,
180.0,Javiera Silva,,04-07-2024, La Florida ,Free,+56 9 1580 2222,  GOOGLE  ,SUMMER ,7795.0,   
,Diego Herrera,correo_invalido,,providencia,Pro,+56 9 1715 4463,linkedin,SUMMER ,,   
182.0,Camila Fuentes,camila496@empresa.cl,2024-10-05,SANTIAGO, free ,9-123,meta,,,x
,Javiera Silva,correo_invalido,2024/06/20 00:00:00,Santiago,Free,9-123,  GOOGLE  ,summer,,y
184.0,,,2023/05/28 00:00:00,, free ,9-123,linkedin,,,y
185.0,PEDRO ROJAS,,16/12/2024, Maipú ,,9-123,google,blackfriday,,
186.0,Matias González,correo_invalido,2024-11-28,providencia,,,,summer,,y
187.0,LUIS DÍAZ,luis642@empresa.cl,,Puente Alto,Pro,,meta,,8224.0,y
,Pedro Rojas,correo_invalido,27/04/2023,,Pro,,  GOOGLE  ,summer,5291.0,y
189.0,,correo_invalido,2024-13-40,puente alto,Pro,+56 9 1941 7787,google,,,
190.0,Valentina Torres,valentina670@empresa.cl,2023-01-28,Maipú,Enterprise,+56 9 3567 2531,meta,blackfriday,2338.0,
,,correo_invalido,2025/05/16 00:00:00,La Florida,Enterprise,9-123,,summer,,
192.0,CAMILA FUENTES,correo_invalido,,Maipú,Enterprise,,google,summer,2198.0,x
,JAVIERA SILVA,correo_invalido,24/10/2025,PROVIDENCIA,Pro,,meta,SUMMER ,8175.0,
194.0,Diego Herrera,diego111@gmail.com,31/07/2025, Puente Alto ,Enterprise,9-123,,SUMMER ,6154.0,x
, Luis Díaz ,,2023/02/12 00:00:00,providencia, free ,,meta,blackfriday,,y
196.0,Luis Díaz,luis498@outlook.com,2024-08-01,,,9-123,google,blackfriday,5905.0,   
197.0,,maría26@gmail.com,09/06/2025,SANTIAGO,Enterprise,9-123,linkedin,summer,,   
,,,2025/04/28 00:00:00,Santiago,Pro,+56 9 4299 1251,meta,blackfriday,,x
199.0,Ana Pérez,ana124@mail.com,2023/04/09 00:00:00, La Florida ,Free,9-123,  GOOGLE  ,blackfriday,8938.0,
200.0,VALENTINA TORRES,,2023/06/08 00:00:00,PUENTE ALTO,Free,+56 9 5335 5407,google,blackfriday,8336.0,   
201.0,javiera silva,correo_invalido,2025/01/12 00:00:00,Maipú,Enterprise,9-123,,,,
202.0, Javiera Silva ,,08-05-2025,,Free,,  GOOGLE  ,SUMMER ,3945.0,x
203.0, Juan Soto ,correo_invalido,2024-13-40, Puente Alto ,,9-123,google,SUMMER ,,   
,Pedro Rojas,correo_invalido,2025/02/14 00:00:00,,Enterprise,9-123,meta,,,
205.0,JAVIERA SILVA,correo_invalido,,Providencia,Pro,9-123,meta,blackfriday,7542.0,x
206.0,Camila Fuentes,correo_invalido,2025/02/19 00:00:00, Ñuñoa ,Free,9-123,  GOOGLE  ,,7419.0,
,Diego Herrera,correo_invalido,17-08-2024,Providencia,Pro,,,blackfriday,,   
208.0,Luis Díaz,luis585@empresa.cl,,LA FLORIDA,Enterprise,,linkedin,blackfriday,,x
209.0,JAVIERA SILVA,correo_invalido,2025-10-07,Ñuñoa, free ,+56 9 7155 7015,linkedin,SUMMER ,,
210.0,Pedro Rojas,pedro197@empresa.cl,,PUENTE ALTO,Enterprise,,,SUMMER ,,   
, Ana Pérez ,correo_invalido,, Maipú , free ,,,SUMMER ,2217.0,y
212.0,,,,Maipú,Free,9-123,google,summer,8142.0,y
,MATÍAS GONZÁLEZ,,2025-07-19,Santiago, free ,+56 9 3297 7667,meta,,5478.0,x
214.0,María López,,,puente alto,,,google,,4989.0,   
215.0,DIEGO HERRERA,correo_invalido,2024/06/10 00:00:00,puente alto, free ,,linkedin,blackfriday,7479.0,
216.0,Ana Pérez,ana844@empresa.cl,2025-12-27,ÑUÑOA, free ,9-123,meta,SUMMER ,,y
217.0,,pedro128@gmail.com,29/04/2023,Santiago, free ,9-123,  GOOGLE  ,blackfriday,8163.0,
218.0,,,30/12/2025,SANTIAGO,Free,+56 9 1824 7794,linkedin,SUMMER ,6957.0,x
219.0,maría lópez,correo_invalido,27/03/2023,,,,linkedin,blackfriday,2489.0,   
220.0,,correo_invalido,01-11-2024,,Free,+56 9 4246 8609,meta,SUMMER ,,x
,ANA PÉREZ,,2024-12-21,maipú,Free,+56 9 9135 2523,,,4964.0,y
222.0,Maria López,maría947@empresa.cl,2025/08/21 00:00:00,La Florida,Free,+56 9 1021 6640,meta,,821.0,
223.0,camila fuentes,camila761@empresa.cl,09-07-2025,santiago,Free,9-123,  GOOGLE  ,summer,,   
,Ana Pérez,correo_invalido,2023-03-11,PUENTE ALTO, free ,,meta,,2781.0,
225.0,ana pérez,ana97@gmail.com,2025/09/10 00:00:00,SANTIAGO, free ,9-123,google,,7665.0,y
226.0,matías gonzález,,,Maipú,Pro,9-123,  GOOGLE  ,blackfriday,1557.0,x
,ANA PÉREZ,ana706@outlook.com,2024-13-40,PROVIDENCIA,Enterprise,,  GOOGLE  ,summer,4784.0,x
228.0,Matias González,matías794@gmail.com,21/03/2024,Santiago,Enterprise,+56 9 2606 1675,  GOOGLE  ,blackfriday,,x
229.0, Valentina Torres ,valentina806@mail.com,2024-01-10,SANTIAGO,Pro,+56 9 9378 3738,linkedin,blackfriday,3339.0,y
230.0,Camila Fuentes,camila510@empresa.cl,2023-05-17,,Free,,,summer,5722.0,   
,valentina torres,correo_invalido,2023/10/04 00:00:00,,,,  GOOGLE  ,,9726.0,x
232.0,Luis Diaz,,20/04/2024,,Free,9-123,linkedin,SUMMER ,6656.0,y
233.0,camila fuentes,camila501@gmail.com,2025/05/23 00:00:00, Maipú , free ,+56 9 5906 8495,linkedin,blackfriday,,   
234.0,Valentina Torres,correo_invalido,2023/03/08 00:00:00, Maipú ,,+56 9 4960 2977,google,SUMMER ,,
235.0,CAMILA FUENTES,,2023/11/06 00:00:00,maipú,,,  GOOGLE  ,summer,6.0,x
,pedro rojas,correo_invalido,,Santiago,,,,summer,,   
237.0,,correo_invalido,2024/08/28 00:00:00,Puente Alto, free ,9-123,google,summer,,   
,Luis Diaz,luis768@mail.com,15/11/2025, Ñuñoa ,Pro,+56 9 1115 5447,meta,summer,6427.0,
239.0, Pedro Rojas ,correo_invalido,,, free ,9-123,linkedin,,,x
240.0,Javiera Silva,javiera827@gmail.com,12/12/2024,,,+56 9 3796 6111,  GOOGLE  ,,,y
241.0,Luis Diaz,,25-09-2024,,Enterprise,,,SUMMER ,4373.0,y
242.0,,matías164@empresa.cl,,providencia,,+56 9 8704 7745,linkedin,SUMMER ,,
243.0,Juan Soto,,15-06-2024,la florida,Enterprise,9-123,google,SUMMER ,,y
244.0,,,30-08-2023, Maipú ,Enterprise,9-123,meta,SUMMER ,4731.0,y
245.0,Camila Fuentes,correo_invalido,16-05-2023, Maipú ,Pro,+56 9 5486 3170,meta,blackfriday,8202.0,
246.0,,correo_invalido,2025/02/19 00:00:00,,Free,9-123,meta,blackfriday,5067.0,
247.0,,matías530@gmail.com,2023/06/11 00:00:00,ÑUÑOA,Free,,linkedin,summer,7303.0,x
248.0,JAVIERA SILVA,,2025-08-15,La Florida,Pro,,  GOOGLE  ,summer,3654.0,x
249.0,Javiera Silva,correo_invalido,02-07-2024,Santiago,Free,9-123,  GOOGLE  ,SUMMER ,3708.0,
250.0,Javiera Silva,correo_invalido,2024-13-40, Providencia , free ,,  GOOGLE  ,blackfriday,,y
,Luis Diaz,luis17@mail.com,2024-02-02,,Pro,9-123,linkedin,summer,259.0,
,,correo_invalido,2025-05-05,,Pro,,google,summer,,   
253.0,Ana Pérez,,2025-07-20, Maipú ,Free,,meta,summer,,   
,Pedro Rojas,correo_invalido,2024/12/25 00:00:00,Ñuñoa, free ,,meta,blackfriday,211.0,y
255.0,Matías González,,24-12-2025,SANTIAGO,,,linkedin,SUMMER ,7939.0,x
256.0,Pedro Rojas,pedro101@outlook.com,2024/02/23 00:00:00, Maipú ,,9-123,google,SUMMER ,,y
257.0,Valentina Torres,correo_invalido,,Maipú,Pro,,  GOOGLE  ,blackfriday,628.0,x
258.0,Pedro Rojas,pedro412@outlook.com,2023-01-02,Puente Alto,,+56 9 7778 5308,meta,SUMMER ,,x
,JUAN SOTO,juan631@empresa.cl,18/01/2024, La Florida ,Free,9-123,google,summer,,   
,DIEGO HERRERA,correo_invalido,,MAIPÚ,Free,+56 9 4393 8029,  GOOGLE  ,summer,,x
261.0,juan soto,,2024-05-04,ÑUÑOA, free ,+56 9 6486 4146,google,summer,714.0,y
262.0,Javiera Silva,correo_invalido,28-02-2025,Santiago,Free,,google,blackfriday,,
263.0,María López,maría333@mail.com,2024/06/01 00:00:00, Providencia ,Pro,,meta,summer,6758.0,
264.0,PEDRO ROJAS,pedro912@empresa.cl,2024/12/31 00:00:00,LA FLORIDA,Free,,linkedin,,1053.0,   
265.0,,,,,Free,,google,,7068.0,y
,MATÍAS GONZÁLEZ,,,providencia,Enterprise,9-123,meta,,9686.0,x
267.0,matías gonzález,correo_invalido,2024-13-40,Santiago,Free,+56 9 2203 6922,meta,summer,,   
268.0, María López ,,2023/07/24 00:00:00,Puente Alto, free ,+56 9 6608 6286,google,SUMMER ,3707.0,y
,Camila Fuentes,camila866@outlook.com,2024/11/18 00:00:00,SANTIAGO,,+56 9 6111 5309,google,blackfriday,7888.0,x
270.0,Diego Herrera,diego598@outlook.com,2024-13-40,santiago,Free,,linkedin,blackfriday,,
,,camila115@outlook.com,20/01/2025, Ñuñoa ,Free,+56 9 4669 4177,,,,
, Ana Pérez ,ana857@empresa.cl,2023-04-14,Ñuñoa, free ,+56 9 8181 8986,google,SUMMER ,,x
273.0,DIEGO HERRERA,,30-08-2023,Maipú,Free,,linkedin,SUMMER ,7687.0,
,JAVIERA SILVA,correo_invalido,2023-04-28, La Florida ,Free,9-123,google,blackfriday,8545.0,
275.0,pedro rojas,correo_invalido,2023-07-27,Providencia, free ,+56 9 6207 2604,linkedin,,1117.0,   
,Valentina Torres,correo_invalido,10/06/2024,,Free,,  GOOGLE  ,blackfriday,5972.0,   
,,camila187@outlook.com,2023/03/27 00:00:00, La Florida ,Free,+56 9 8362 4554,linkedin,SUMMER ,2302.0,
278.0,Camila Fuentes,camila696@outlook.com,2024-02-13, Ñuñoa ,Pro,,  GOOGLE  ,SUMMER ,3478.0,y
279.0,valentina torres,valentina232@empresa.cl,2024/02/18 00:00:00,MAIPÚ,Enterprise,9-123,linkedin,blackfriday,3907.0,y
280.0, Matías González ,matías576@mail.com,,ÑUÑOA,,,meta,blackfriday,8556.0,
281.0,ANA PÉREZ,,10/12/2023,Ñuñoa,Pro,9-123,,summer,,x
282.0,ANA PÉREZ,,2024-08-16,Santiago, free ,9-123,google,SUMMER ,,
283.0,Javiera Silva,correo_invalido,30-01-2024,MAIPÚ,Enterprise,,  GOOGLE  ,,1203.0,   
284.0, Pedro Rojas ,,2024-11-02,ÑUÑOA, free ,9-123,,SUMMER ,2195.0,
285.0,camila fuentes,correo_invalido,2024-13-40,providencia,Free,+56 9 1584 9353,,SUMMER ,,   
, Camila Fuentes ,,2024/12/29 00:00:00,Puente Alto,Pro,+56 9 7455 7057,linkedin,blackfriday,4073.0,
287.0,Luis Diaz,luis466@gmail.com,07/06/2024,Santiago,,+56 9 7754 5463,google,summer,2838.0,y
288.0,ana pérez,ana923@outlook.com,22/12/2023,Santiago,Free,+56 9 2449 4249,,,,
289.0,luis díaz,luis342@gmail.com,2024-13-40,ÑUÑOA,Enterprise,9-123,google,,,
290.0,Javiera Silva,javiera952@gmail.com,04/10/2025, Puente Alto , free ,+56 9 5835 1272,linkedin,summer,7741.0,x
, Matías González ,matías824@mail.com,08/11/2023,La Florida, free ,+56 9 8134 3264,meta,blackfriday,,y
,Luis Diaz,luis340@gmail.com,23-10-2025,,Free,,meta,SUMMER ,3152.0,y
293.0,Luis Díaz,,18/06/2024,,Enterprise,9-123,linkedin,summer,,x
,LUIS DÍAZ,correo_invalido,2023/04/11 00:00:00, Providencia ,Free,+56 9 4239 6252,  GOOGLE  ,,,x
295.0, Juan Soto ,,,Puente Alto,Pro,,,,,
296.0,Matías González,matías653@empresa.cl,2023-04-15,Santiago,Pro,9-123,  GOOGLE  ,summer,4915.0,
297.0, Diego Herrera ,correo_invalido,2025-11-30,Puente Alto,Free,9-123,google,summer,5178.0,   
298.0, María López ,,05/05/2024,SANTIAGO, free ,,,SUMMER ,3711.0,
299.0,,correo_invalido,2024-13-40, Providencia ,Free,+56 9 9405 6551,google,,,y
300.0,,correo_invalido,2024/10/19 00:00:00,, free ,+56 9 1923 1001,  GOOGLE  ,,,x
301.0,ana pérez,,31/10/2024,Ñuñoa,Enterprise,,google,blackfriday,,y
302.0,ana pérez,,18/12/2023,maipú,Pro,9-123,linkedin,summer,5658.0,
303.0,maría lópez,correo_invalido,,,Enterprise,+56 9 6913 5085,google,summer,5360.0,x
,Pedro Rojas,pedro510@gmail.com,2025-01-27,, free ,,linkedin,SUMMER ,,
,Camila Fuentes,,,Maipú,Pro,,  GOOGLE  ,,2046.0,   
,MATÍAS GONZÁLEZ,matías440@gmail.com,2025-06-04,la florida,,+56 9 6842 2663,  GOOGLE  ,summer,,   
,María López,maría953@mail.com,2024-13-40,ñuñoa,Enterprise,,  GOOGLE  ,summer,,y
,María López,maría890@empresa.cl,2024-13-40,SANTIAGO,,9-123,meta,SUMMER ,2531.0,y
309.0,MARÍA LÓPEZ,correo_invalido,2025-06-16,ÑUÑOA, free ,9-123,,summer,1514.0,
310.0,MARÍA LÓPEZ,maría530@outlook.com,,LA FLORIDA,Pro,9-123,  GOOGLE  ,blackfriday,,x
311.0,Valentina Torres,valentina920@mail.com,04-01-2023, Ñuñoa ,Pro,,,blackfriday,3259.0,y
312.0,diego herrera,correo_invalido,, Providencia ,Free,9-123,linkedin,summer,,y
, Diego Herrera ,,09-09-2025,LA FLORIDA, free ,9-123,meta,blackfriday,,   
314.0,,,2025-04-06,, free ,9-123,  GOOGLE  ,summer,,
,javiera silva,correo_invalido,02-04-2025,,Enterprise,9-123,  GOOGLE  ,blackfriday,5572.0,   
316.0,María López,,2024-08-08, Maipú ,Enterprise,+56 9 6954 9543,linkedin,,7814.0,
,Luis Diaz,luis805@empresa.cl,, Ñuñoa ,Free,+56 9 6945 9830,linkedin,,,y
318.0,DIEGO HERRERA,diego61@outlook.com,2023-02-14,ÑUÑOA,Pro,,google,summer,2358.0,y
, Diego Herrera ,,2024-01-31,,Pro,+56 9 3069 5942,google,summer,2629.0,x
,,,2024-13-40,Providencia,Pro,9-123,meta,,,
321.0,DIEGO HERRERA,correo_invalido,2025/04/17 00:00:00,PUENTE ALTO,Pro,,google,SUMMER ,8688.0,   
322.0,Javiera Silva,correo_invalido,29-01-2023,Maipú,Pro,+56 9 1788 9462,,blackfriday,6281.0,x
323.0, Javiera Silva ,correo_invalido,2025-11-20,, free ,9-123,  GOOGLE  ,blackfriday,,y
,Luis Díaz,,2024-13-40,Puente Alto,Enterprise,9-123,  GOOGLE  ,SUMMER ,4508.0,   
325.0,Ana Pérez,correo_invalido,02-11-2023, La Florida ,Free,+56 9 2429 3188,,,,   
326.0,,luis378@gmail.com,2024-13-40,,Enterprise,9-123,linkedin,,6071.0,   
,matías gonzález,matías411@mail.com,22-07-2024,,Pro,9-123,  GOOGLE  ,blackfriday,,y
328.0, Luis Díaz ,luis27@gmail.com,2025-11-03,SANTIAGO, free ,9-123,linkedin,,9974.0,y
329.0,juan soto,juan169@outlook.com,,MAIPÚ,Enterprise,+56 9 5252 1998,meta,,,   
330.0,pedro rojas,correo_invalido,21-07-2023,MAIPÚ, free ,+56 9 8878 9683,linkedin,blackfriday,8531.0,
331.0, Diego Herrera ,correo_invalido,10/12/2023,Ñuñoa,,+56 9 9150 6382,linkedin,summer,,x
332.0,maría lópez,,,santiago,Pro,,,,,   
333.0,Pedro Rojas,,2023/12/25 00:00:00,PUENTE ALTO,,+56 9 2054 7889,meta,summer,3372.0,y
334.0,,,2024-08-10, Santiago ,Free,9-123,google,SUMMER ,5735.0,x
335.0,Matías González,,20/02/2024,,,,google,summer,,x
336.0,luis díaz,luis892@gmail.com,19/11/2025, Santiago ,,+56 9 9705 7311,linkedin,,9032.0,
337.0,CAMILA FUENTES,camila162@outlook.com,,Santiago,Free,9-123,  GOOGLE  ,summer,,   
338.0,VALENTINA TORRES,valentina433@outlook.com,2024-13-40,SANTIAGO,Enterprise,,  GOOGLE  ,SUMMER ,,   
339.0, Ana Pérez ,ana516@outlook.com,2024-13-40,LA FLORIDA,Pro,+56 9 2138 5256,linkedin,summer,5552.0,   
340.0,LUIS DÍAZ,luis703@outlook.com,, Ñuñoa ,Enterprise,,meta,summer,8156.0,y
341.0,ana pérez,correo_invalido,,,Pro,+56 9 9366 7626,meta,blackfriday,,   
342.0,,juan229@mail.com,06-05-2024, Providencia ,Free,,linkedin,blackfriday,,y
, Ana Pérez ,ana71@outlook.com,31-03-2025,Santiago,,9-123,google,SUMMER ,,
344.0,Pedro Rojas,,2024-13-40,Santiago, free ,+56 9 3079 3315,,SUMMER ,2082.0,y
345.0,Matías González,matías822@empresa.cl,2024-13-40,SANTIAGO,,+56 9 5395 6701,linkedin,SUMMER ,4538.0,   
346.0,Valentina Torres,valentina557@mail.com,2024-01-03,PUENTE ALTO,Enterprise,,google,blackfriday,60.0,x
,camila fuentes,correo_invalido,2023/06/22 00:00:00,La Florida,Pro,+56 9 6098 9499,,,,
348.0,,correo_invalido,, Santiago , free ,9-123,linkedin,,,
,Javiera Silva,correo_invalido,02/09/2025,ñuñoa, free ,,linkedin,blackfriday,,
350.0,,valentina670@outlook.com,2025-01-06,,Enterprise,,  GOOGLE  ,summer,,   
,,ana890@empresa.cl,,ñuñoa, free ,,google,,,   
352.0, Ana Pérez ,ana296@mail.com,2023/09/26 00:00:00,ÑUÑOA,Pro,,google,blackfriday,5432.0,y
353.0,ANA PÉREZ,correo_invalido,24-05-2025,Santiago,Enterprise,,  GOOGLE  ,,,   
,maría lópez,,2025-02-15,,Free,+56 9 4087 4389,  GOOGLE  ,blackfriday,4814.0,y
,Pedro Rojas,pedro904@empresa.cl,22-04-2024,Santiago,Enterprise,9-123,,summer,3890.0,   
356.0,LUIS DÍAZ,,2025/05/02 00:00:00,, free ,9-123,meta,SUMMER ,,
357.0,Valentina Torres,,08-09-2025,Providencia,,9-123,,blackfriday,,   
358.0,,juan3@gmail.com,28-09-2024,SANTIAGO,Enterprise,,  GOOGLE  ,SUMMER ,,
, María López ,,,LA FLORIDA,Pro,,  GOOGLE  ,,4653.0,
,,,2024-13-40,Puente Alto,Enterprise,+56 9 3644 7838,linkedin,blackfriday,6587.0,y
361.0, Pedro Rojas ,pedro265@outlook.com,24-12-2025, Puente Alto ,Pro,+56 9 7143 1954,,blackfriday,,x
,VALENTINA TORRES,correo_invalido,25/08/2025,providencia,,9-123,  GOOGLE  ,,4759.0,   
363.0,matías gonzález,correo_invalido,16/08/2023,La Florida,Pro,9-123,meta,,,y
,Ana Pérez,,2023-08-07,SANTIAGO,,9-123,meta,SUMMER ,,y
,maría lópez,maría618@gmail.com,2024/02/20 00:00:00,ñuñoa,Free,9-123,google,summer,,
366.0,Luis Diaz,correo_invalido,28/06/2023,Santiago,Enterprise,+56 9 4729 6044,  GOOGLE  ,SUMMER ,9842.0,   
367.0,JAVIERA SILVA,,08-08-2025,,,9-123,linkedin,SUMMER ,748.0,x
368.0,Pedro Rojas,pedro357@mail.com,2025/06/19 00:00:00,,Enterprise,+56 9 7573 4436,linkedin,SUMMER ,6653.0,y
,DIEGO HERRERA,correo_invalido,13-01-2024,PUENTE ALTO,Enterprise,,linkedin,summer,,   
370.0,Matías González,,2024/03/21 00:00:00,Providencia,,,google,SUMMER ,,   
371.0,PEDRO ROJAS,,26/07/2023,, free ,+56 9 7356 5547,google,blackfriday,9462.0,y
,Valentina Torres,valentina498@gmail.com,31-01-2024, Providencia ,Free,,meta,,9741.0,y
373.0,Camila Fuentes,correo_invalido,2025-01-31,ÑUÑOA,Enterprise,9-123,google,blackfriday,4070.0,x
374.0, Luis Díaz ,luis187@empresa.cl,2024-06-01, Ñuñoa ,Pro,9-123,,summer,3662.0,x
, Camila Fuentes ,camila800@gmail.com,10-08-2023,providencia,Free,,  GOOGLE  ,SUMMER ,,   
376.0,,,2024-13-40, Providencia , free ,9-123,meta,SUMMER ,9418.0,x
377.0,Juan Soto,correo_invalido,25-01-2025,PROVIDENCIA, free ,,meta,blackfriday,6441.0,
,ana pérez,,21-02-2025,SANTIAGO,Free,+56 9 2294 5701,linkedin,,8944.0,x
379.0,,correo_invalido,2023/05/20 00:00:00,Providencia, free ,+56 9 9213 7798,google,SUMMER ,,   
380.0, Diego Herrera ,,07-08-2023,, free ,9-123,linkedin,summer,9606.0,   
381.0, Luis Díaz ,,20/02/2024,Providencia,,+56 9 3806 7969,linkedin,blackfriday,2012.0,   
382.0,,correo_invalido,,,Free,,linkedin,summer,,y
383.0,VALENTINA TORRES,correo_invalido,2023-07-01,Santiago,,+56 9 4186 9481,meta,,,
384.0,Matias González,correo_invalido,2024/05/08 00:00:00, Puente Alto ,Enterprise,+56 9 1956 2832,,summer,9374.0,
, Valentina Torres ,,15/08/2024,la florida,Enterprise,+56 9 5502 9341,google,SUMMER ,5578.0,
,juan soto,,, Providencia ,,,,,3343.0,y
387.0,,,2023-02-01,Puente Alto,Pro,+56 9 7540 8578,google,,1712.0,   
388.0, Javiera Silva ,javiera401@mail.com,2025-05-09,,,9-123,  GOOGLE  ,SUMMER ,,y
389.0,Diego Herrera,diego477@gmail.com,,,Free,,,SUMMER ,,
390.0,MARÍA LÓPEZ,,29/12/2023,Ñuñoa,,9-123,  GOOGLE  ,blackfriday,,
391.0,Juan Soto,juan972@mail.com,01/07/2024, Maipú ,Free,+56 9 8218 7146,google,blackfriday,,y
, Ana Pérez ,ana596@gmail.com,23-07-2023,maipú,Pro,9-123,google,summer,9681.0,   
393.0,Javiera Silva,,27-10-2023,MAIPÚ,Pro,9-123,,blackfriday,,x
394.0,Javiera Silva,correo_invalido,,,Enterprise,9-123,,SUMMER ,,
395.0,,juan701@outlook.com,2023-12-25,PROVIDENCIA, free ,,,SUMMER ,763.0,x
396.0, María López ,,2025-07-02, Puente Alto ,,+56 9 2411 7777,meta,summer,,y
397.0, Camila Fuentes ,correo_invalido,2024-13-40,La Florida,Enterprise,+56 9 1611 8064,meta,,198.0,x
, Ana Pérez ,ana990@empresa.cl,16-05-2025, La Florida ,,,linkedin,SUMMER ,,   
399.0,,correo_invalido,2025-10-04,Maipú,,9-123,  GOOGLE  ,SUMMER ,4984.0,   
400.0, Matías González ,,2024-13-40, La Florida , free ,9-123,  GOOGLE  ,summer,,y
,Matías González,correo_invalido,,,,,  GOOGLE  ,summer,4744.0,y
402.0,,camila169@empresa.cl,03/05/2023, Puente Alto ,Pro,9-123,  GOOGLE  ,blackfriday,1655.0,   
403.0, Javiera Silva ,,2025/02/28 00:00:00,Santiago,Enterprise,+56 9 9078 1858,meta,summer,6508.0,
404.0,CAMILA FUENTES,correo_invalido,26/05/2023,Puente Alto,,9-123,meta,SUMMER ,1979.0,y
405.0,luis díaz,,2024-04-14,Puente Alto,Enterprise,,,blackfriday,,
,luis díaz,luis911@outlook.com,11/01/2024,,Free,,google,,5293.0,
407.0,Valentina Torres,valentina358@mail.com,23-11-2023,PROVIDENCIA,Free,9-123,,summer,2060.0,   
408.0,Ana Pérez,,2024-13-40,PROVIDENCIA,,,  GOOGLE  ,,,x
409.0,,,2025/05/07 00:00:00, Ñuñoa ,Enterprise,,,summer,,x
410.0, Matías González ,matías265@mail.com,28-06-2025,Providencia,Pro,+56 9 9374 8085,google,SUMMER ,,   
,JUAN SOTO,correo_invalido,22-06-2023,providencia,Enterprise,,  GOOGLE  ,SUMMER ,2277.0,
,Javiera Silva,,02-02-2023, Providencia ,Free,9-123,meta,summer,1459.0,
413.0,Diego Herrera,correo_invalido,20-02-2024,maipú, free ,+56 9 2760 4699,linkedin,summer,,   
414.0,CAMILA FUENTES,,2024-13-40, Ñuñoa ,Enterprise,+56 9 9086 8311,,blackfriday,880.0,x
415.0,CAMILA FUENTES,,2024-09-02, La Florida ,,9-123,google,blackfriday,3394.0,   
416.0,maría lópez,correo_invalido,2024-13-40,, free ,+56 9 4676 3036,google,SUMMER ,5324.0,   
417.0,luis díaz,luis191@mail.com,30-01-2025, Providencia ,Enterprise,9-123,google,blackfriday,,
418.0,Javiera Silva,javiera343@mail.com,2024-13-40,la florida,Free,9-123,,,,y
419.0,,correo_invalido,2024/03/27 00:00:00,Maipú,Enterprise,+56 9 7202 2359,  GOOGLE  ,summer,,
,Valentina Torres,,02-03-2024, Santiago ,Pro,+56 9 6344 8730,linkedin,,,y
,LUIS DÍAZ,,31-12-2025,maipú,Free,,meta,blackfriday,,
422.0,Juan Soto,correo_invalido,,maipú, free ,,google,blackfriday,5409.0,
423.0,Pedro Rojas,,2025/05/31 00:00:00,Santiago,Enterprise,,google,,5608.0,y
, Diego Herrera ,,2024-05-27,La Florida,Free,9-123,linkedin,blackfriday,,
,,maría101@outlook.com,2024/05/15 00:00:00,Providencia,Pro,+56 9 9576 4902,  GOOGLE  ,SUMMER ,,
,ANA PÉREZ,ana436@mail.com,2024-13-40,,Enterprise,,linkedin,summer,7953.0,y
427.0, Juan Soto ,juan130@empresa.cl,,la florida, free ,,,blackfriday,5634.0,   
,Valentina Torres,correo_invalido,15/02/2024,,Pro,+56 9 2638 6521,google,blackfriday,,
,Juan Soto,,2025-04-20,maipú,Enterprise,+56 9 5934 9931,meta,SUMMER ,2910.0,y
,Camila Fuentes,correo_invalido,20/05/2025,,Free,9-123,,SUMMER ,,
431.0,Ana Pérez,ana43@empresa.cl,,MAIPÚ,Pro,+56 9 4983 3400,  GOOGLE  ,,,   
432.0,,,07-01-2023,,Free,,,blackfriday,,y
433.0,Javiera Silva,,2025/05/10 00:00:00,puente alto,,9-123,  GOOGLE  ,blackfriday,8484.0,y
434.0,ana pérez,ana234@gmail.com,2023/07/08 00:00:00,MAIPÚ,Free,,meta,SUMMER ,4942.0,y
435.0,Javiera Silva,,07-08-2025,,Pro,+56 9 8223 2746,linkedin,blackfriday,,x
436.0,VALENTINA TORRES,correo_invalido,,Maipú, free ,,  GOOGLE  ,SUMMER ,,
437.0, Camila Fuentes ,correo_invalido,, Santiago , free ,9-123,google,,605.0,x
438.0, María López ,maría690@empresa.cl,2024-13-40,,Pro,9-123,,SUMMER ,6349.0,y
439.0,Maria López,maría838@mail.com,2025-01-18, Santiago ,Pro,9-123,  GOOGLE  ,SUMMER ,2136.0,x
,,correo_invalido,17/04/2025, Providencia ,Enterprise,+56 9 4561 6320,,blackfriday,,x
441.0, Camila Fuentes ,correo_invalido,2023-02-08,la florida,Free,,  GOOGLE  ,blackfriday,,y
,,correo_invalido,2024/07/01 00:00:00,providencia,Enterprise,9-123,meta,blackfriday,7276.0,y
443.0, Camila Fuentes ,,22-12-2023,providencia,Free,+56 9 7971 5106,  GOOGLE  ,,,
, María López ,maría526@outlook.com,2023/09/21 00:00:00,,Enterprise,+56 9 9902 5344,,blackfriday,,x
, Pedro Rojas ,,2023/08/12 00:00:00,ñuñoa,Free,+56 9 2859 1729,meta,,8656.0,   
,pedro rojas,,10-05-2024,Ñuñoa, free ,9-123,google,blackfriday,,
447.0,LUIS DÍAZ,luis798@gmail.com,, La Florida ,Enterprise,,linkedin,blackfriday,,y
448.0,Matías González,correo_invalido,, La Florida ,Pro,+56 9 7871 8672,google,,1412.0,
449.0,MARÍA LÓPEZ,,,Puente Alto,,9-123,meta,,5230.0,y
450.0,VALENTINA TORRES,,04-12-2023,Providencia,Enterprise,,google,,,x
451.0,Javiera Silva,,, Ñuñoa ,Free,+56 9 9818 2603,meta,SUMMER ,,x
452.0,maría lópez,correo_invalido,2024-13-40, Providencia , free ,,linkedin,summer,5154.0,
453.0,Javiera Silva,,2024-13-40,ÑUÑOA,Free,9-123,meta,SUMMER ,643.0,
,Javiera Silva,javiera93@outlook.com,05-01-2024,,Pro,+56 9 8243 1019,google,blackfriday,175.0,y
455.0,Diego Herrera,,24/12/2025,Ñuñoa,Pro,9-123,,summer,,y
,Matias González,correo_invalido,11/07/2025,, free ,,,SUMMER ,6110.0,   
457.0,Ana Pérez,,10-09-2023,providencia, free ,9-123,  GOOGLE  ,SUMMER ,,
458.0, Valentina Torres ,correo_invalido,21-03-2024,Providencia, free ,+56 9 4417 4908,meta,blackfriday,5592.0,   
459.0,Luis Diaz,correo_invalido,2024-08-09, La Florida ,,,,SUMMER ,,x
460.0,JUAN SOTO,correo_invalido,,MAIPÚ,Pro,9-123,  GOOGLE  ,summer,5387.0,
461.0,camila fuentes,,,PROVIDENCIA,Free,9-123,linkedin,blackfriday,8223.0,x
,camila fuentes,,17-03-2024,La Florida,Free,9-123,  GOOGLE  ,,,
463.0,ana pérez,,10-12-2024,Santiago,Free,9-123,,summer,,x
464.0,JAVIERA SILVA,correo_invalido,2024/06/05 00:00:00, Maipú ,Pro,,  GOOGLE  ,,,   
465.0,Matias González,matías550@gmail.com,2024-02-12,maipú,Pro,9-123,linkedin,SUMMER ,3155.0,x
466.0, Javiera Silva ,correo_invalido,28/09/2023,Santiago,,+56 9 6972 6242,google,SUMMER ,4317.0,y
467.0,Matías González,matías655@outlook.com,05-08-2023,PROVIDENCIA,Free,,,,7786.0,   
468.0, Valentina Torres ,correo_invalido,2023/11/19 00:00:00,Puente Alto, free ,+56 9 9094 2722,meta,,2103.0,   
,VALENTINA TORRES,,25-08-2025, Providencia ,Enterprise,,linkedin,blackfriday,9767.0,y
470.0, Valentina Torres ,valentina552@outlook.com,,providencia,Enterprise,,google,SUMMER ,,   
,Ana Pérez,ana534@mail.com,2025-04-05,Santiago,Pro,,linkedin,blackfriday,5863.0,
472.0,,pedro904@gmail.com,09/01/2023,puente alto,Free,,  GOOGLE  ,SUMMER ,,x
,Matías González,,13/07/2025,la florida,,,linkedin,,296.0,x
474.0,Valentina Torres,valentina808@mail.com,,santiago,Free,9-123,  GOOGLE  ,blackfriday,6484.0,x
, Camila Fuentes ,correo_invalido,2024-13-40,,Free,+56 9 2344 3886,meta,blackfriday,,   
,ANA PÉREZ,ana513@mail.com,09-12-2024,puente alto,,,,blackfriday,7381.0,
477.0,Ana Pérez,correo_invalido,2024-13-40,Maipú,Free,,  GOOGLE  ,summer,7968.0,x
478.0,,correo_invalido,07/03/2023, La Florida , free ,,meta,,7492.0,   
479.0,luis díaz,,09-11-2025,Ñuñoa,,9-123,  GOOGLE  ,blackfriday,1205.0,y
480.0,MARÍA LÓPEZ,,10/02/2023,MAIPÚ, free ,9-123,meta,,,
481.0,Camila Fuentes,correo_invalido,2024/10/31 00:00:00, La Florida ,Free,,,blackfriday,7933.0,x
482.0,Javiera Silva,correo_invalido,,,Pro,+56 9 7192 9691,google,blackfriday,,x
483.0,Juan Soto,,18-12-2023,providencia, free ,+56 9 2900 7822,linkedin,SUMMER ,6733.0,   
484.0,javiera silva,correo_invalido,13/01/2024,PUENTE ALTO, free ,+56 9 9760 3775,meta,blackfriday,,x
485.0,,valentina678@gmail.com,2024-13-40,Santiago,,9-123,google,summer,,y
486.0,matías gonzález,correo_invalido,,Maipú,,9-123,google,,3354.0,y
487.0, Matías González ,matías801@mail.com,26-03-2025,,Free,,linkedin,,,   
488.0,Ana Pérez,ana27@mail.com,04-07-2025,la florida,Enterprise,,google,summer,,   
489.0,Camila Fuentes,correo_invalido,, Providencia ,Free,,meta,,,   
490.0,VALENTINA TORRES,valentina928@empresa.cl,11/01/2023,maipú, free ,9-123,  GOOGLE  ,summer,9712.0,
,Ana Pérez,,,, free ,9-123,linkedin,blackfriday,4516.0,y
492.0,,valentina561@gmail.com,08/07/2024,Maipú, free ,+56 9 9282 5189,google,summer,,y
493.0,valentina torres,,10-06-2023,Providencia,Pro,9-123,meta,blackfriday,,   
494.0,,correo_invalido,09-08-2023,la florida,Free,,meta,blackfriday,,y
495.0,,,20/01/2023,Ñuñoa,Enterprise,+56 9 8599 2129,,,7372.0,
,JUAN SOTO,juan911@mail.com,11/10/2023,santiago, free ,,meta,blackfriday,,   
497.0,Ana Pérez,ana434@outlook.com,2025-09-16,Puente Alto,Pro,,google,summer,,x
,Ana Pérez,correo_invalido,22/11/2025, Puente Alto ,Enterprise,9-123,google,summer,6560.0,
,,,2024/04/27 00:00:00,Ñuñoa, free ,+56 9 4986 9011,meta,blackfriday,2125.0,y
500.0,MATÍAS GONZÁLEZ,matías269@empresa.cl,2023-01-22,Santiago,Enterprise,+56 9 4916 1096,  GOOGLE  ,blackfriday,6904.0,x
,Juan Soto,,31/03/2024,, free ,,,summer,9520.0,x
502.0,,correo_invalido,2025-07-13,Maipú, free ,9-123,linkedin,SUMMER ,206.0,x
,Javiera Silva,correo_invalido,2024/06/18 00:00:00,santiago,Free,9-123,google,blackfriday,,y
504.0,camila fuentes,camila924@empresa.cl,2024/11/05 00:00:00,Ñuñoa,,9-123,linkedin,,,
505.0,María López,correo_invalido,2025/02/13 00:00:00,Santiago,Pro,+56 9 9456 5203,linkedin,SUMMER ,,   
506.0,Ana Pérez,,2025/11/25 00:00:00,Maipú,Enterprise,+56 9 6794 4240,  GOOGLE  ,summer,,
507.0,Pedro Rojas,correo_invalido,2023-11-25,,,+56 9 9198 1709,,SUMMER ,8528.0,y
,Ana Pérez,ana559@outlook.com,2024-12-07,,Free,,linkedin,blackfriday,,x
, Juan Soto ,correo_invalido,,la florida,Pro,,google,blackfriday,2334.0,x
510.0,Matías González,correo_invalido,2025/02/14 00:00:00,PUENTE ALTO, free ,,linkedin,blackfriday,,   
511.0,luis díaz,correo_invalido,12/04/2024,Maipú,Enterprise,,linkedin,summer,1406.0,   
,Maria López,correo_invalido,2024-10-18,Providencia,,9-123,,blackfriday,,x
513.0, Matías González ,correo_invalido,2024-13-40,Puente Alto,Enterprise,,  GOOGLE  ,summer,6056.0,   
514.0,,,02-08-2024,LA FLORIDA,Enterprise,,linkedin,summer,,   
515.0,Diego Herrera,correo_invalido,11-11-2025,Providencia,Free,+56 9 9148 5238,google,,,
516.0,Matías González,matías368@empresa.cl,19/11/2025,La Florida,Free,,linkedin,summer,9848.0,x
517.0,Pedro Rojas,correo_invalido,07-03-2025,ÑUÑOA,Free,+56 9 2217 9064,meta,,,x
518.0,Pedro Rojas,pedro527@outlook.com,2024-03-01,ÑUÑOA,Enterprise,,  GOOGLE  ,blackfriday,5544.0,
519.0,Valentina Torres,valentina61@gmail.com,2024/02/14 00:00:00,maipú,Free,,linkedin,summer,8732.0,   
520.0,,javiera539@mail.com,,PROVIDENCIA,,,,summer,,y
, Ana Pérez ,,2023/10/27 00:00:00, Puente Alto ,Enterprise,,google,blackfriday,,y
,camila fuentes,,2023/03/22 00:00:00,providencia,,,,SUMMER ,,y
,,,2024-13-40,santiago,Free,,meta,blackfriday,5585.0,y
524.0,,pedro699@empresa.cl,10-01-2024,, free ,,google,,,x
525.0,juan soto,correo_invalido,30-06-2023,Ñuñoa,Pro,9-123,  GOOGLE  ,blackfriday,,y
526.0,diego herrera,correo_invalido,20/02/2023,Ñuñoa,Enterprise,,  GOOGLE  ,blackfriday,,
527.0,Pedro Rojas,correo_invalido,2023/09/07 00:00:00,puente alto,Free,9-123,meta,,930.0,y
528.0, Valentina Torres ,valentina190@empresa.cl,2024-13-40,SANTIAGO,Pro,9-123,google,SUMMER ,5876.0,   
,Camila Fuentes,,2024-13-40,Puente Alto,Enterprise,+56 9 1734 5659,,summer,9053.0,x
,María López,maría399@gmail.com,,,,9-123,meta,summer,,x
531.0,Pedro Rojas,correo_invalido,2025-09-01, La Florida ,Pro,+56 9 1697 8461,,SUMMER ,,
532.0,Valentina Torres,,31-03-2023,Maipú,Free,9-123,google,SUMMER ,,   
,Luis Diaz,luis895@outlook.com,2024-13-40,SANTIAGO, free ,+56 9 2594 9686,google,summer,9666.0,x
534.0,Maria López,correo_invalido,2024-13-40,La Florida,,+56 9 7830 8569,,blackfriday,,x
535.0,Javiera Silva,correo_invalido,2025/09/18 00:00:00,,,9-123,,blackfriday,7864.0,   
,Maria López,,2024/02/28 00:00:00,maipú, free ,,,blackfriday,,   
537.0,camila fuentes,camila295@empresa.cl,2025-10-07,Providencia,Free,+56 9 4365 6833,google,blackfriday,,
538.0,Maria López,maría239@gmail.com,19/09/2024,Puente Alto,Free,,linkedin,blackfriday,9949.0,   
,MARÍA LÓPEZ,maría65@mail.com,2024-13-40, Ñuñoa ,,,google,SUMMER ,,x
540.0,JAVIERA SILVA,correo_invalido,08/11/2023,,Enterprise,+56 9 1613 3112,google,summer,928.0,y
541.0,LUIS DÍAZ,luis367@empresa.cl,2024-13-40, La Florida ,Pro,9-123,google,SUMMER ,8375.0,y
,,valentina540@outlook.com,13/05/2023,providencia,Free,,  GOOGLE  ,summer,5316.0,
543.0,matías gonzález,correo_invalido,2025-01-11,, free ,+56 9 5291 3296,linkedin,summer,,x
, Camila Fuentes ,correo_invalido,14-01-2023,providencia,,+56 9 5250 8997,meta,blackfriday,,x
545.0,,correo_invalido,, La Florida , free ,9-123,  GOOGLE  ,SUMMER ,1191.0,   
,María López,maría881@mail.com,2024/09/15 00:00:00,santiago,Pro,9-123,meta,SUMMER ,,y
547.0,Javiera Silva,,,MAIPÚ,Enterprise,9-123,  GOOGLE  ,blackfriday,8496.0,   
548.0, Luis Díaz ,,13/06/2025, Ñuñoa ,Pro,9-123,,blackfriday,,
,javiera silva,javiera698@gmail.com,2024-13-40,Santiago,Enterprise,+56 9 7772 2732,meta,blackfriday,5211.0,x
550.0,JUAN SOTO,correo_invalido,2024-13-40,Maipú,Pro,+56 9 3206 2509,,summer,237.0,x
,VALENTINA TORRES,correo_invalido,2023/10/02 00:00:00,La Florida,,9-123,  GOOGLE  ,,,   
,,,03/09/2023,la florida,Enterprise,,linkedin,SUMMER ,,y
553.0,javiera silva,correo_invalido,2025/06/29 00:00:00,Santiago,Free,9-123,linkedin,summer,,
554.0,LUIS DÍAZ,correo_invalido,2025-10-20, Ñuñoa ,,9-123,linkedin,summer,2250.0,x
555.0,MATÍAS GONZÁLEZ,matías667@empresa.cl,,Maipú, free ,,meta,blackfriday,768.0,   
556.0,MARÍA LÓPEZ,maría410@mail.com,2024-13-40,,,,  GOOGLE  ,blackfriday,,
557.0, Luis Díaz ,correo_invalido,,,Pro,9-123,  GOOGLE  ,summer,,x
, Javiera Silva ,,2023-01-18,ñuñoa,Enterprise,,,blackfriday,,
,María López,correo_invalido,21-08-2024, Providencia ,,,linkedin,SUMMER ,,
560.0,María López,,26/01/2025,, free ,9-123,,blackfriday,,x
561.0,,,2024-07-20,, free ,9-123,google,blackfriday,846.0,
,,correo_invalido,,PUENTE ALTO,Pro,+56 9 5089 4952,google,summer,3478.0,y
563.0,Ana Pérez,ana164@outlook.com,2023/06/29 00:00:00,Maipú,Enterprise,9-123,linkedin,,691.0,x
,JAVIERA SILVA,correo_invalido,,,Free,9-123,google,SUMMER ,4214.0,x
565.0,,pedro371@mail.com,2024-06-03,Providencia,Enterprise,9-123,,SUMMER ,8027.0,y
566.0,javiera silva,javiera827@mail.com,13-10-2025,providencia,Pro,9-123,meta,summer,8451.0,x
,Diego Herrera,,15/07/2025,Santiago,,,meta,blackfriday,2373.0,y
,,,2024-13-40,, free ,+56 9 2462 5888,google,,8752.0,
,Diego Herrera,correo_invalido,2023-06-19,la florida,,+56 9 4422 3382,meta,SUMMER ,,y
,Diego Herrera,diego81@mail.com,2024-13-40,Santiago,Pro,,  GOOGLE  ,,8607.0,x
,JAVIERA SILVA,javiera415@gmail.com,15/08/2023, La Florida ,Enterprise,+56 9 1785 3952,google,summer,6436.0,y
572.0,,,2025/11/21 00:00:00, Puente Alto ,Enterprise,+56 9 9628 7203,  GOOGLE  ,SUMMER ,,y
,juan soto,correo_invalido,, Santiago ,Free,9-123,meta,summer,9292.0,y
574.0,Luis Díaz,luis899@gmail.com,2024-13-40,Ñuñoa,Free,+56 9 8337 1467,meta,,5235.0,x
575.0,Juan Soto,juan537@mail.com,,la florida,Pro,,,SUMMER ,7661.0,y
576.0,juan soto,correo_invalido,26/07/2024,, free ,+56 9 9070 4993,  GOOGLE  ,,3366.0,   
,Camila Fuentes,,20-06-2024,LA FLORIDA,,,linkedin,SUMMER ,5565.0,y
578.0,María López,correo_invalido,2024-13-40, Providencia ,Enterprise,+56 9 1983 5216,  GOOGLE  ,blackfriday,,x
579.0,javiera silva,,03-08-2023, La Florida ,Enterprise,9-123,meta,blackfriday,,
580.0,Valentina Torres,valentina697@mail.com,29-08-2023,,,+56 9 7650 9126,google,,8505.0,x
581.0,diego herrera,,2024/01/30 00:00:00,ñuñoa,,+56 9 6389 1308,google,,5349.0,y
582.0, Matías González ,matías224@outlook.com,2024-05-19,MAIPÚ, free ,,meta,summer,7739.0,y
583.0,VALENTINA TORRES,correo_invalido,2024-13-40,LA FLORIDA,,9-123,google,summer,7966.0,y
584.0,Matías González,matías686@empresa.cl,30-12-2023,La Florida, free ,+56 9 6536 6661,linkedin,,1044.0,y
585.0,Ana Pérez,,02/01/2025,Maipú,Free,,linkedin,,,
586.0,valentina torres,,03/06/2025,,Pro,+56 9 4299 1129,linkedin,blackfriday,,x
587.0, Camila Fuentes ,correo_invalido,15-10-2023,LA FLORIDA,,+56 9 9519 5822,google,summer,,x
588.0,Maria López,maría278@outlook.com,2023-09-22, La Florida ,Free,,  GOOGLE  ,summer,,y
589.0,María López,,2025-06-05,, free ,+56 9 1902 9581,google,,8835.0,
590.0,,,12-10-2024,Providencia, free ,,,SUMMER ,7720.0,
,PEDRO ROJAS,,2025-10-27,,,+56 9 2480 5768,  GOOGLE  ,SUMMER ,5198.0,x
592.0,PEDRO ROJAS,pedro234@mail.com,2024-13-40,Ñuñoa,Enterprise,+56 9 6230 9484,linkedin,summer,,
593.0,DIEGO HERRERA,,2024-13-40, Providencia ,,,google,blackfriday,7581.0,
594.0,Ana Pérez,,2024/08/24 00:00:00,Santiago,Free,,meta,,,y
,,correo_invalido,2025/06/29 00:00:00,Santiago,Free,,meta,blackfriday,7075.0,
,,,25-05-2023,LA FLORIDA,Free,+56 9 5608 3295,meta,summer,,x
597.0,Juan Soto,correo_invalido,2024/09/06 00:00:00,la florida,Enterprise,,linkedin,blackfriday,,   
598.0, Valentina Torres ,,2024-13-40, Ñuñoa ,Enterprise,9-123,  GOOGLE  ,SUMMER ,2957.0,
599.0,JAVIERA SILVA,,2024/09/27 00:00:00,Ñuñoa,Enterprise,,google,blackfriday,,y
600.0,Diego Herrera,,2025/10/09 00:00:00,LA FLORIDA, free ,9-123,google,SUMMER ,,x
601.0,Javiera Silva,correo_invalido,,,Free,9-123,google,blackfriday,8925.0,y
,matías gonzález,,19-10-2025, Maipú ,Pro,+56 9 3906 4904,,,4928.0,
603.0,Valentina Torres,correo_invalido,2023/08/03 00:00:00,,Pro,,,SUMMER ,,   
604.0, Luis Díaz ,luis210@gmail.com,2025/01/20 00:00:00,Santiago,,,,blackfriday,4108.0,   
,Maria López,maría288@outlook.com,2023/01/08 00:00:00,La Florida,Enterprise,9-123,meta,SUMMER ,3217.0,x
,,javiera929@mail.com,2024-13-40, La Florida ,,+56 9 7673 6772,,blackfriday,158.0,   
607.0,matías gonzález,matías200@empresa.cl,27-09-2023,Santiago,Enterprise,9-123,meta,SUMMER ,4736.0,
,Juan Soto,juan154@empresa.cl,2024/10/10 00:00:00,Maipú, free ,+56 9 2719 3193,linkedin,,,y
609.0,,,25-11-2023,, free ,9-123,,SUMMER ,,
610.0,CAMILA FUENTES,correo_invalido,19-11-2024,, free ,+56 9 4614 5653,  GOOGLE  ,blackfriday,,y
611.0,Pedro Rojas,,29-03-2024, Maipú ,Pro,+56 9 8540 9028,,blackfriday,,x
, Pedro Rojas ,,18-11-2025,ñuñoa,,,linkedin,summer,9084.0,x
613.0, Matías González ,correo_invalido,2024-13-40,ÑUÑOA,,9-123,google,,7338.0,x
614.0,Pedro Rojas,correo_invalido,22-01-2024,,Free,+56 9 4510 1915,linkedin,blackfriday,6267.0,x
,juan soto,,07/10/2023,La Florida,,+56 9 5153 6986,google,summer,,y
,Valentina Torres,correo_invalido,2023-12-02,Santiago,Pro,9-123,  GOOGLE  ,summer,,x
617.0,Javiera Silva,javiera262@gmail.com,29/09/2025,ÑUÑOA,,,meta,,3762.0,   
618.0,javiera silva,,2024-13-40,la florida,,+56 9 1777 5851,meta,summer,,   
619.0,Juan Soto,correo_invalido,,Puente Alto, free ,+56 9 1380 7509,meta,summer,6527.0,
620.0, Javiera Silva ,javiera217@mail.com,2023/08/06 00:00:00, Providencia ,,+56 9 6672 6317,google,,639.0,
,María López,correo_invalido,2024-13-40,santiago,,,  GOOGLE  ,SUMMER ,,   
,Matias González,matías559@gmail.com,03/09/2024,, free ,9-123,linkedin,blackfriday,6348.0,   
,Juan Soto,correo_invalido,,,Free,,google,blackfriday,,   
,Javiera Silva,,2024-13-40,PUENTE ALTO,Enterprise,9-123,,blackfriday,,x
625.0,,correo_invalido,22/03/2023,,Pro,9-123,,blackfriday,,y
, Camila Fuentes ,camila538@mail.com,2025-03-08,Santiago, free ,,,summer,6928.0,   
627.0,Camila Fuentes,,2024/02/08 00:00:00,La Florida,,9-123,  GOOGLE  ,summer,9667.0,   
,María López,,2025-03-13,Providencia,,+56 9 5973 2940,linkedin,summer,,
629.0,camila fuentes,,12/07/2023,,Free,+56 9 7025 8558,  GOOGLE  ,summer,,
630.0,,correo_invalido,09-08-2025,La Florida,Pro,9-123,linkedin,summer,,   
631.0,CAMILA FUENTES,correo_invalido,20-06-2024,PROVIDENCIA,Pro,+56 9 5764 1220,  GOOGLE  ,SUMMER ,6484.0,   
,camila fuentes,correo_invalido,13/02/2023, Providencia ,Enterprise,9-123,meta,SUMMER ,,   
,luis díaz,correo_invalido,,Puente Alto,,9-123,,SUMMER ,,x
634.0,matías gonzález,matías199@outlook.com,2023-06-28,Maipú,Pro,,meta,summer,2468.0,
635.0,PEDRO ROJAS,,09-06-2024,puente alto, free ,,linkedin,blackfriday,916.0,
636.0, Matías González ,,08/04/2023,SANTIAGO,Pro,+56 9 2073 5353,google,blackfriday,6709.0,
637.0,Ana Pérez,,07/10/2024,maipú,,+56 9 4904 5979,,,,x
638.0,camila fuentes,,2024-13-40,Ñuñoa, free ,,google,,,   
639.0,VALENTINA TORRES,,26-06-2025,Ñuñoa,,,  GOOGLE  ,SUMMER ,883.0,y
640.0,Maria López,,,MAIPÚ, free ,,google,blackfriday,,x
641.0,Camila Fuentes,correo_invalido,2025/10/01 00:00:00,Ñuñoa,Enterprise,,google,SUMMER ,4375.0,y
642.0, Camila Fuentes ,camila750@gmail.com,2024/03/25 00:00:00,PUENTE ALTO,Free,9-123,linkedin,,,
643.0,javiera silva,,19-04-2025, Providencia ,,9-123,linkedin,blackfriday,,
, Camila Fuentes ,correo_invalido,08/11/2025,,Pro,9-123,meta,blackfriday,1487.0,
,diego herrera,correo_invalido,, Santiago ,Enterprise,9-123,,,,y
646.0,Camila Fuentes,,12-08-2025,Maipú,,9-123,,SUMMER ,38.0,y
647.0,,ana453@empresa.cl,30-06-2025,,Free,,linkedin,SUMMER ,969.0,
648.0,,,2025-06-02,PROVIDENCIA,Free,9-123,,blackfriday,409.0,   
649.0,Matías González,,24-11-2025, Ñuñoa , free ,,google,summer,,   
650.0,,,,Providencia,Pro,9-123,linkedin,summer,8258.0,
,María López,,14/02/2025,Maipú, free ,9-123,linkedin,,3629.0,
652.0, Juan Soto ,correo_invalido,17/06/2025,,Free,+56 9 3200 4618,google,summer,,   
,ANA PÉREZ,,2024-13-40,,,,,summer,,   
654.0,JAVIERA SILVA,,2024-13-40, Ñuñoa ,Pro,,meta,,,
,valentina torres,valentina948@empresa.cl,2024/05/19 00:00:00,Maipú, free ,9-123,meta,,,y
656.0,juan soto,correo_invalido,17-03-2025,,Free,+56 9 8072 5367,meta,SUMMER ,,y
657.0,Luis Diaz,correo_invalido,2025-07-07,puente alto,Pro,,  GOOGLE  ,SUMMER ,,y
658.0,maría lópez,,2024/10/08 00:00:00,Maipú, free ,+56 9 4262 1337,  GOOGLE  ,blackfriday,9288.0,   
659.0, Javiera Silva ,correo_invalido,2025/05/28 00:00:00,maipú,Pro,+56 9 8565 9471,linkedin,,,y
,Diego Herrera,correo_invalido,,,Pro,9-123,linkedin,,9758.0,x
661.0,pedro rojas,correo_invalido,,LA FLORIDA, free ,+56 9 2149 3880,linkedin,SUMMER ,,
662.0,Matias González,matías236@empresa.cl,13/01/2024,PUENTE ALTO,Pro,+56 9 1223 9975,  GOOGLE  ,SUMMER ,3516.0,y
,Matias González,correo_invalido,2025-02-14, Ñuñoa ,Free,,,blackfriday,8706.0,y
664.0,VALENTINA TORRES,,24/06/2025,LA FLORIDA, free ,,,SUMMER ,3489.0,x
665.0, Juan Soto ,correo_invalido,2024/10/24 00:00:00,PROVIDENCIA,Free,,meta,blackfriday,860.0,y
666.0,,correo_invalido,2025/12/22 00:00:00, La Florida , free ,9-123,meta,blackfriday,,   
667.0,ana pérez,,,Santiago,Free,,meta,summer,,y
668.0,ANA PÉREZ,ana161@mail.com,2023/11/12 00:00:00,SANTIAGO,,9-123,,,1539.0,
669.0,,,2024/08/06 00:00:00,providencia,Enterprise,+56 9 5010 9195,  GOOGLE  ,summer,,
670.0,luis díaz,,2023-12-20,,Enterprise,9-123,  GOOGLE  ,SUMMER ,,y
,Diego Herrera,,2023/06/07 00:00:00,La Florida,Enterprise,9-123,google,summer,,y
,javiera silva,correo_invalido,,Maipú,Free,9-123,linkedin,SUMMER ,,x
673.0,,correo_invalido,2025/11/27 00:00:00, La Florida ,Pro,,  GOOGLE  ,blackfriday,,y
674.0, Camila Fuentes ,camila58@mail.com,,Providencia, free ,9-123,google,,,   
675.0,Matias González,,2025/03/21 00:00:00,maipú, free ,+56 9 5924 1499,,summer,5982.0,x
,Matias González,matías56@gmail.com,2025/12/19 00:00:00,santiago,Enterprise,9-123,meta,SUMMER ,7782.0,
677.0,Valentina Torres,correo_invalido,2023-07-06,la florida,Enterprise,,meta,blackfriday,,
678.0,DIEGO HERRERA,correo_invalido,28-11-2024,ñuñoa,Pro,,linkedin,summer,8827.0,   
, Luis Díaz ,correo_invalido,2023/02/10 00:00:00,,Enterprise,,meta,summer,4314.0,   
,Camila Fuentes,correo_invalido,2024/03/17 00:00:00,La Florida,Pro,+56 9 7871 1419,,,,y
681.0, Valentina Torres ,correo_invalido,25/07/2025, Providencia ,Free,,,blackfriday,,x
682.0,Diego Herrera,,,La Florida, free ,,linkedin,,6993.0,   
683.0,JUAN SOTO,juan530@gmail.com,2025/05/14 00:00:00,La Florida,Pro,,linkedin,summer,,   
, Javiera Silva ,javiera834@empresa.cl,2025-03-31,,Pro,+56 9 3174 2462,linkedin,summer,,x
, Matías González ,,23/08/2023,,,,meta,SUMMER ,6072.0,
686.0,,ana954@mail.com,2025-07-06,maipú, free ,,linkedin,summer,3697.0,
,Ana Pérez,ana149@outlook.com,2025/12/17 00:00:00,providencia,Enterprise,9-123,google,blackfriday,922.0,x
688.0,Javiera Silva,correo_invalido,2023/01/05 00:00:00, Puente Alto , free ,+56 9 4575 6538,linkedin,SUMMER ,9055.0,   
,Camila Fuentes,,14-09-2025,,Pro,+56 9 5985 5857,,SUMMER ,,y
,Luis Díaz,luis105@outlook.com,,Santiago,Pro,9-123,  GOOGLE  ,SUMMER ,351.0,x
,maría lópez,correo_invalido,,ñuñoa,Pro,,google,,4540.0,   
692.0, Ana Pérez ,ana171@gmail.com,30/03/2025, Providencia ,,,linkedin,SUMMER ,,x
693.0,ana pérez,ana189@gmail.com,,,,+56 9 9365 1935,linkedin,blackfriday,,y
694.0,,,19/05/2023,,Pro,+56 9 1174 2996,google,,6273.0,
,Diego Herrera,diego502@mail.com,20-12-2024,ñuñoa,,+56 9 6890 3688,linkedin,blackfriday,1136.0,
696.0,,,,La Florida,Pro,,meta,,5091.0,y
697.0,PEDRO ROJAS,pedro798@outlook.com,,Maipú,Free,9-123,  GOOGLE  ,summer,8333.0,   
,JAVIERA SILVA,javiera541@empresa.cl,2025/07/04 00:00:00,Santiago, free ,9-123,meta,SUMMER ,5234.0,x
,,correo_invalido,,puente alto,Enterprise,,linkedin,,,y
,javiera silva,,2023/08/26 00:00:00,La Florida,Enterprise,9-123,  GOOGLE  ,summer,,   
701.0, Pedro Rojas ,pedro646@empresa.cl,2024-13-40, Ñuñoa ,Free,+56 9 7460 3524,  GOOGLE  ,SUMMER ,,x
702.0,CAMILA FUENTES,,,Providencia,,+56 9 2461 6593,,blackfriday,1672.0,   
703.0,Pedro Rojas,correo_invalido,22/08/2025,Maipú,Pro,,meta,,3792.0,   
704.0,Valentina Torres,correo_invalido,01-06-2024, Ñuñoa , free ,9-123,meta,SUMMER ,7740.0,x
,Valentina Torres,,15/08/2023,Puente Alto,,,  GOOGLE  ,summer,7348.0,
706.0, María López ,correo_invalido,15-04-2025,, free ,,  GOOGLE  ,SUMMER ,1905.0,   
707.0,Diego Herrera,,,Puente Alto, free ,+56 9 4507 4707,  GOOGLE  ,SUMMER ,,   
708.0,camila fuentes,,17/05/2024,Maipú, free ,+56 9 8531 1141,  GOOGLE  ,,,
709.0,Camila Fuentes,,2023/08/13 00:00:00,puente alto,Free,+56 9 9302 2434,linkedin,blackfriday,7382.0,y
710.0,Juan Soto,,2025-02-28,ñuñoa,Enterprise,,,summer,,
,Matías González,correo_invalido,2024-13-40,PUENTE ALTO,,,linkedin,,9674.0,y
712.0,,,12-09-2023,Providencia,Pro,+56 9 9659 7655,linkedin,blackfriday,4523.0,
, Luis Díaz ,correo_invalido,,La Florida,Free,+56 9 7094 7809,google,blackfriday,4672.0,y
714.0,Juan Soto,correo_invalido,2024-05-16,ñuñoa,,+56 9 6300 6447,  GOOGLE  ,SUMMER ,1789.0,y
, Diego Herrera ,correo_invalido,18/06/2024,Providencia,,9-123,,,,   
716.0,ana pérez,,2024-13-40,,Free,+56 9 9129 6080,,summer,1608.0,y
717.0,Juan Soto,,2024-13-40,Maipú,,+56 9 7980 3808,  GOOGLE  ,,9633.0,y
718.0,Diego Herrera,diego785@gmail.com,,La Florida,Enterprise,9-123,google,,7652.0,   
,Juan Soto,correo_invalido,24-03-2024,ÑUÑOA,,+56 9 8031 7118,meta,SUMMER ,3704.0,
720.0,camila fuentes,camila25@outlook.com,2023-06-01,,Enterprise,,  GOOGLE  ,blackfriday,4047.0,   
,,pedro635@outlook.com,18-10-2023,MAIPÚ,Enterprise,,  GOOGLE  ,blackfriday,,
722.0,Valentina Torres,valentina658@gmail.com,2024-13-40,Providencia,Pro,+56 9 9189 4016,linkedin,,1218.0,
,MARÍA LÓPEZ,correo_invalido,2024-13-40, La Florida ,,+56 9 5992 8783,meta,SUMMER ,9827.0,
724.0,valentina torres,,2024-13-40,Puente Alto,Free,+56 9 7798 9027,,SUMMER ,3604.0,x
725.0,,pedro433@empresa.cl,2024-13-40,Ñuñoa,Pro,,linkedin,SUMMER ,,y
,Diego Herrera,,26/07/2025,Maipú,Enterprise,,  GOOGLE  ,blackfriday,1380.0,   
, Diego Herrera ,diego85@gmail.com,,santiago,,,linkedin,summer,3151.0,y
,María López,,09/07/2025,,Free,,linkedin,blackfriday,,x
729.0,Ana Pérez,ana975@mail.com,02-05-2023,PUENTE ALTO,Free,+56 9 9114 3323,linkedin,,2808.0,x
730.0, Javiera Silva ,correo_invalido,,Providencia,,,  GOOGLE  ,summer,1800.0,x
731.0, Juan Soto ,,2025-03-02,Providencia,Pro,9-123,,,,
732.0, Pedro Rojas ,correo_invalido,30-04-2025,Maipú, free ,+56 9 8379 1629,  GOOGLE  ,,6894.0,y
,Javiera Silva,correo_invalido,,LA FLORIDA,Pro,,,SUMMER ,,y
,MARÍA LÓPEZ,correo_invalido,2024-13-40,puente alto,Free,9-123,linkedin,,5785.0,
,LUIS DÍAZ,luis491@mail.com,05/05/2023,puente alto,Enterprise,+56 9 3053 5502,,summer,,
,,correo_invalido,28/02/2023, Puente Alto , free ,9-123,google,,3026.0,   
737.0,ANA PÉREZ,ana138@empresa.cl,2024/05/04 00:00:00,ñuñoa,Enterprise,9-123,linkedin,blackfriday,8727.0,
,Juan Soto,correo_invalido,2024/04/12 00:00:00,,Enterprise,+56 9 6038 8609,,SUMMER ,7061.0,   
,Juan Soto,correo_invalido,2023-03-07,Puente Alto,Free,,google,blackfriday,1141.0,y
,JAVIERA SILVA,,2025-07-14,providencia,Free,,google,blackfriday,,x
,Maria López,maría691@gmail.com,21/12/2023,,Free,9-123,linkedin,blackfriday,,
,Ana Pérez,ana410@gmail.com,,,Free,9-123,linkedin,blackfriday,5315.0,x
743.0,Javiera Silva,,,,Enterprise,+56 9 4147 1160,,summer,4518.0,y
,ana pérez,ana886@gmail.com,2025-10-14,Santiago,Pro,+56 9 7138 6656,meta,summer,5396.0,y
745.0,Luis Díaz,correo_invalido,2024-13-40,la florida,Enterprise,,  GOOGLE  ,SUMMER ,4323.0,   
,Maria López,maría831@empresa.cl,,Ñuñoa,Enterprise,9-123,,,9830.0,
747.0,VALENTINA TORRES,correo_invalido,26-09-2023,Maipú,Enterprise,9-123,meta,blackfriday,,   
748.0,Maria López,maría846@mail.com,01-03-2023, Ñuñoa ,Free,+56 9 6012 5219,  GOOGLE  ,,,x
,Juan Soto,juan625@outlook.com,2023-12-14,La Florida,Enterprise,+56 9 3794 8375,meta,summer,,y
750.0,diego herrera,correo_invalido,31/05/2024, Santiago ,Enterprise,+56 9 2559 2683,  GOOGLE  ,blackfriday,8046.0,x
751.0,CAMILA FUENTES,,25/08/2024,providencia,,9-123,  GOOGLE  ,,,y
752.0,maría lópez,correo_invalido,21-11-2025,,Free,+56 9 9409 2785,google,SUMMER ,,y
753.0,Diego Herrera,,11-04-2025,SANTIAGO, free ,,,SUMMER ,1522.0,x
,diego herrera,correo_invalido,23-12-2025,MAIPÚ,Free,,linkedin,summer,7136.0,   
755.0,PEDRO ROJAS,,20/10/2023,Maipú, free ,,linkedin,summer,,   
,Valentina Torres,,09-09-2025,ÑUÑOA, free ,,meta,blackfriday,9400.0,x
757.0,valentina torres,valentina452@mail.com,20-10-2024,Maipú,Pro,9-123,google,SUMMER ,,x
,María López,correo_invalido,2024-13-40, Puente Alto ,Free,9-123,linkedin,blackfriday,,
759.0,PEDRO ROJAS,correo_invalido,,Puente Alto,Pro,+56 9 4900 9922,meta,blackfriday,,x
760.0,PEDRO ROJAS,,2024-13-40,MAIPÚ,Pro,,google,SUMMER ,80.0,
761.0,Ana Pérez,,24-09-2024, La Florida ,,+56 9 6258 9591,linkedin,blackfriday,2975.0,y
762.0,Diego Herrera,diego170@outlook.com,08-11-2024, La Florida , free ,,meta,,697.0,
763.0,CAMILA FUENTES,,2024/08/18 00:00:00,Providencia, free ,+56 9 5065 3909,meta,blackfriday,,
,,correo_invalido,02-07-2023, Santiago ,Free,9-123,  GOOGLE  ,blackfriday,,
,maría lópez,,11/07/2024, Providencia ,,9-123,  GOOGLE  ,blackfriday,7525.0,y
766.0, Pedro Rojas ,correo_invalido,2025/01/02 00:00:00, Maipú ,,,linkedin,blackfriday,,   
,Luis Diaz,luis7@empresa.cl,2024/02/24 00:00:00,Providencia,Enterprise,+56 9 6635 4587,,SUMMER ,,   
768.0,,,2024/12/11 00:00:00,Puente Alto,,,google,SUMMER ,9245.0,
769.0,Luis Díaz,correo_invalido,23/07/2023,LA FLORIDA, free ,+56 9 3353 5580,  GOOGLE  ,blackfriday,,
770.0,luis díaz,correo_invalido,2023/07/29 00:00:00,Providencia,Free,,  GOOGLE  ,,,   
771.0,Diego Herrera,diego980@empresa.cl,2024-13-40,Puente Alto,Pro,,meta,,4826.0,
772.0,MARÍA LÓPEZ,correo_invalido,,santiago,Free,+56 9 6484 6528,,SUMMER ,,y
773.0, Camila Fuentes ,,2024-08-09,PROVIDENCIA,Pro,+56 9 2069 4371,  GOOGLE  ,blackfriday,8983.0,
774.0,PEDRO ROJAS,pedro810@mail.com,01/01/2024,LA FLORIDA,,9-123,,blackfriday,5523.0,y
775.0,Valentina Torres,,, Santiago ,,9-123,linkedin,SUMMER ,9924.0,
,JUAN SOTO,correo_invalido,2023/07/19 00:00:00,Providencia,Pro,+56 9 2765 9205,linkedin,summer,,y
777.0,Pedro Rojas,,29/09/2024,LA FLORIDA,Enterprise,9-123,  GOOGLE  ,blackfriday,8296.0,x
778.0,maría lópez,,2023-08-17,PUENTE ALTO, free ,,,,4055.0,   
,Luis Díaz,,2024-13-40,PUENTE ALTO,Pro,9-123,meta,SUMMER ,,   
780.0,ana pérez,,,Providencia,Pro,9-123,google,SUMMER ,7536.0,y
781.0,,maría311@gmail.com,26-11-2023,Ñuñoa,Enterprise,9-123,meta,blackfriday,,x
, Ana Pérez ,correo_invalido,2025/10/16 00:00:00,Providencia, free ,+56 9 5166 8976,meta,,8887.0,   
783.0,Ana Pérez,,2024-13-40,Maipú,Free,,,SUMMER ,2019.0,   
,Matías González,matías629@outlook.com,, Puente Alto ,Free,9-123,,blackfriday,,
, Diego Herrera ,correo_invalido,2024/10/08 00:00:00,Maipú,,9-123,google,,,x
,ANA PÉREZ,,24-07-2023, La Florida ,,9-123,meta,SUMMER ,,x
787.0,,juan400@empresa.cl,17/02/2024,SANTIAGO,,+56 9 6151 5157,linkedin,blackfriday,,   
788.0,,diego764@empresa.cl,30/07/2025,Maipú, free ,+56 9 6177 5642,,blackfriday,,   
,,,27/03/2024, La Florida ,Enterprise,9-123,google,summer,7485.0,
, María López ,maría522@empresa.cl,, Providencia ,Free,9-123,meta,summer,6282.0,y
,MARÍA LÓPEZ,,2024-13-40,la florida,Free,+56 9 9487 6637,google,blackfriday,,x
,ana pérez,ana571@mail.com,12-12-2025,la florida,Pro,9-123,,blackfriday,,   
,LUIS DÍAZ,,2023-01-06,la florida,Free,,linkedin,SUMMER ,1916.0,
794.0,Diego Herrera,diego653@empresa.cl,2023-11-09,Maipú,Enterprise,+56 9 5670 7640,linkedin,SUMMER ,2440.0,y
795.0,Matias González,correo_invalido,2024-13-40, Providencia ,Enterprise,9-123,  GOOGLE  ,,,x
796.0,Ana Pérez,correo_invalido,2024-09-26,ñuñoa,Free,9-123,linkedin,,485.0,x
,ANA PÉREZ,ana862@gmail.com,2025-09-16,Maipú, free ,,,,7570.0,x
798.0, Diego Herrera ,diego544@outlook.com,10/12/2025,ñuñoa,Free,9-123,meta,summer,518.0,y
799.0,Pedro Rojas,pedro934@gmail.com,2024-13-40,SANTIAGO, free ,,,,137.0,x
800.0,Javiera Silva,javiera942@mail.com,, Ñuñoa ,Pro,9-123,google,blackfriday,4375.0,x
,Ana Pérez,ana851@outlook.com,2023-02-01, Puente Alto ,,,  GOOGLE  ,blackfriday,,x
802.0,Diego Herrera,correo_invalido,2024-12-18,La Florida, free ,+56 9 8310 1473,linkedin,blackfriday,7910.0,   
803.0,Luis Diaz,correo_invalido,2023/08/26 00:00:00,SANTIAGO,,,linkedin,blackfriday,,x
804.0, Matías González ,matías581@mail.com,,La Florida, free ,9-123,linkedin,blackfriday,,
, María López ,,15-04-2023,,Pro,9-123,linkedin,,,x
,CAMILA FUENTES,correo_invalido,2025-12-03,Ñuñoa,,,,summer,,
807.0, Javiera Silva ,javiera610@empresa.cl,2025-11-07,PROVIDENCIA, free ,,,,,
,maría lópez,correo_invalido,08/06/2025,santiago,Free,,,SUMMER ,7600.0,y
809.0,JAVIERA SILVA,,03/04/2024,ñuñoa,Pro,,google,,113.0,y
,Camila Fuentes,,29-02-2024,Puente Alto,Pro,9-123,meta,,,   
811.0,Javiera Silva,,2023-08-30,Providencia,Pro,,,SUMMER ,,
812.0,Camila Fuentes,,2024-13-40,Puente Alto,Free,,meta,blackfriday,,x
,,correo_invalido,07/06/2023,,Pro,9-123,google,,,x
,maría lópez,correo_invalido,15/06/2023,Ñuñoa,,,google,SUMMER ,,
815.0, Diego Herrera ,correo_invalido,2023/06/02 00:00:00, La Florida ,Enterprise,,,summer,,
,Valentina Torres,correo_invalido,,ÑUÑOA,Pro,+56 9 3879 1048,meta,blackfriday,,   
817.0,ana pérez,,18/11/2024, Puente Alto ,Free,9-123,linkedin,SUMMER ,1055.0,x
,,javiera159@outlook.com,2024-13-40,Maipú, free ,,google,,,y
819.0,María López,maría890@empresa.cl,01-08-2023, Ñuñoa ,Free,9-123,  GOOGLE  ,SUMMER ,2496.0,   
,María López,correo_invalido,09-04-2025,SANTIAGO, free ,9-123,google,,2438.0,   
821.0, María López ,,22/09/2023,santiago,,9-123,linkedin,SUMMER ,4105.0,   
822.0,Valentina Torres,valentina344@empresa.cl,2024/03/21 00:00:00,Puente Alto,Pro,9-123,google,summer,1458.0,
823.0,,pedro385@empresa.cl,2024-13-40, Providencia ,Pro,,  GOOGLE  ,blackfriday,,
,CAMILA FUENTES,camila157@empresa.cl,,, free ,,meta,,7771.0,
825.0,VALENTINA TORRES,correo_invalido,18/02/2025,Ñuñoa,,9-123,  GOOGLE  ,SUMMER ,1888.0,   
826.0, Javiera Silva ,correo_invalido,09-02-2024,Maipú,,9-123,linkedin,SUMMER ,317.0,x
827.0,Juan Soto,correo_invalido,2024-11-27,Providencia,Enterprise,,linkedin,blackfriday,,y
,ana pérez,correo_invalido,17/06/2023,puente alto, free ,,  GOOGLE  ,SUMMER ,4389.0,
829.0,Valentina Torres,correo_invalido,2025-04-01,Providencia,Enterprise,,google,,,x
830.0,javiera silva,correo_invalido,2024-13-40,Ñuñoa,Pro,,google,summer,,y
831.0, Juan Soto ,juan602@gmail.com,2024/08/29 00:00:00,Puente Alto,Free,9-123,google,,,y
,,correo_invalido,2025-09-29,la florida, free ,9-123,linkedin,summer,1077.0,x
833.0,javiera silva,javiera737@empresa.cl,25/03/2025,puente alto,Free,9-123,  GOOGLE  ,blackfriday,4064.0,y
,,correo_invalido,19/04/2023,Puente Alto,Pro,9-123,google,summer,,y
835.0,juan soto,juan978@outlook.com,07-04-2023,La Florida,Free,9-123,google,blackfriday,,   
,María López,correo_invalido,, Maipú ,Free,9-123,linkedin,blackfriday,,   
, Diego Herrera ,diego466@mail.com,2023-12-10,,Free,+56 9 1970 3290,  GOOGLE  ,summer,,x
838.0,ANA PÉREZ,correo_invalido,,la florida,Pro,,google,summer,,   
839.0,Javiera Silva,,20/01/2024,La Florida, free ,+56 9 7081 1994,,summer,3297.0,   
840.0,PEDRO ROJAS,pedro308@empresa.cl,25-02-2025,,Enterprise,,  GOOGLE  ,blackfriday,6997.0,   
,María López,maría309@outlook.com,04-04-2024,Puente Alto, free ,+56 9 6496 7879,  GOOGLE  ,blackfriday,,
842.0,Diego Herrera,,2025/06/04 00:00:00, Maipú ,Enterprise,9-123,meta,,,   
843.0, Valentina Torres ,,07/01/2025, Maipú ,Enterprise,+56 9 8615 7334,linkedin,summer,,
844.0, Ana Pérez ,,2024-13-40, Maipú ,Enterprise,9-123,meta,SUMMER ,1863.0,x
845.0,,luis482@outlook.com,27-11-2023,ñuñoa,,,,blackfriday,,y
846.0,MATÍAS GONZÁLEZ,correo_invalido,26-11-2024,,Enterprise,9-123,  GOOGLE  ,blackfriday,6452.0,
847.0,VALENTINA TORRES,valentina722@mail.com,16-01-2023, La Florida ,Enterprise,,google,summer,,y
848.0,Javiera Silva,correo_invalido,17/10/2023,Providencia, free ,9-123,google,,2593.0,x
849.0,VALENTINA TORRES,,14/11/2025,,Pro,,meta,,1079.0,y
850.0,,correo_invalido,30/03/2025,PUENTE ALTO,Free,9-123,  GOOGLE  ,summer,4442.0,   
851.0,Matias González,matías776@gmail.com,2024-13-40,puente alto, free ,9-123,meta,summer,4183.0,y
,javiera silva,correo_invalido,2025/05/08 00:00:00, Providencia , free ,+56 9 9876 2799,google,SUMMER ,5683.0,
,ana pérez,correo_invalido,22-02-2023, La Florida , free ,+56 9 8922 6384,  GOOGLE  ,SUMMER ,780.0,y
, Diego Herrera ,diego375@empresa.cl,,Puente Alto,Free,+56 9 4567 3726,meta,,9373.0,y
855.0,Maria López,maría832@mail.com,2025/03/08 00:00:00,ñuñoa,Enterprise,,,,6121.0,   
856.0,JUAN SOTO,juan968@outlook.com,2025-08-25, Santiago ,Pro,+56 9 3807 6227,linkedin,SUMMER ,3961.0,x
857.0,MATÍAS GONZÁLEZ,matías815@gmail.com,2025-01-20,,,,google,,2971.0,   
858.0,MATÍAS GONZÁLEZ,correo_invalido,2024-09-22,Puente Alto,,+56 9 9732 2068,,blackfriday,,
,Ana Pérez,correo_invalido,06-09-2024,Santiago, free ,9-123,google,summer,,   
860.0,María López,correo_invalido,2024-13-40,,Pro,+56 9 4321 1263,  GOOGLE  ,SUMMER ,7730.0,
861.0,,correo_invalido,2024/07/13 00:00:00,la florida,,+56 9 6649 4078,,SUMMER ,8569.0,
,DIEGO HERRERA,correo_invalido,2024-13-40, Puente Alto ,Free,,,,5782.0,   
863.0,ANA PÉREZ,correo_invalido,16-06-2023,Ñuñoa, free ,,linkedin,SUMMER ,,
,DIEGO HERRERA,correo_invalido,2024/09/21 00:00:00,providencia,Enterprise,,meta,,5374.0,x
865.0,,javiera301@outlook.com,02/05/2023,puente alto, free ,,meta,SUMMER ,5244.0,x
866.0,Valentina Torres,,18/10/2024,Ñuñoa, free ,+56 9 1420 2311,  GOOGLE  ,blackfriday,,x
,LUIS DÍAZ,correo_invalido,,Ñuñoa,Enterprise,,,summer,7771.0,
868.0,LUIS DÍAZ,correo_invalido,09/11/2023,Providencia,,,,summer,2945.0,
,,diego697@empresa.cl,2024-13-40,Ñuñoa,Enterprise,+56 9 7942 8267,,blackfriday,5211.0,
,juan soto,correo_invalido,10/01/2024, Providencia ,Free,9-123,  GOOGLE  ,SUMMER ,,
871.0,PEDRO ROJAS,,2025-07-10,Providencia, free ,,meta,summer,,x
872.0,Ana Pérez,,2024/11/26 00:00:00,santiago,,,linkedin,summer,4210.0,   
,Valentina Torres,,2024-13-40,Maipú,Pro,9-123,meta,SUMMER ,9847.0,x
874.0,matías gonzález,,21/09/2025,PROVIDENCIA,Enterprise,+56 9 5568 1838,google,summer,,x
875.0,javiera silva,correo_invalido,2024-13-40,,Pro,+56 9 8104 7485,meta,blackfriday,9748.0,x
876.0,Juan Soto,juan938@empresa.cl,08-01-2024,,Free,,linkedin,,2285.0,   
877.0,Camila Fuentes,,2024/10/03 00:00:00,SANTIAGO,Enterprise,,google,summer,9545.0,x
,pedro rojas,correo_invalido,2023/09/20 00:00:00,Santiago,Free,9-123,meta,blackfriday,,y
,CAMILA FUENTES,correo_invalido,2025-08-14,Puente Alto,Pro,9-123,linkedin,blackfriday,,x
, Juan Soto ,,2024-13-40,la florida, free ,9-123,meta,,,y
881.0,LUIS DÍAZ,luis86@empresa.cl,2023/12/31 00:00:00,,Free,,linkedin,summer,762.0,   
882.0,CAMILA FUENTES,camila759@empresa.cl,30/08/2024,PUENTE ALTO, free ,+56 9 8099 3394,  GOOGLE  ,SUMMER ,,x
883.0,JUAN SOTO,,2024-12-13,Maipú,,+56 9 5019 5275,,SUMMER ,,x
884.0,Matías González,correo_invalido,17/01/2024,,Enterprise,,meta,SUMMER ,9110.0,
,,,,Santiago,Free,9-123,,SUMMER ,,   
886.0,pedro rojas,,,,Enterprise,+56 9 5286 7902,,,,
887.0,javiera silva,correo_invalido,2025/05/29 00:00:00,,,,,summer,,x
,Pedro Rojas,pedro266@mail.com,2025-06-22, Providencia ,Enterprise,9-123,  GOOGLE  ,SUMMER ,,x
889.0,PEDRO ROJAS,,06-08-2024, Ñuñoa , free ,9-123,linkedin,,3300.0,x
,valentina torres,,23-08-2025,LA FLORIDA,Free,,linkedin,summer,,x
891.0, Ana Pérez ,ana940@mail.com,04/08/2025,Maipú,Free,+56 9 1336 1841,linkedin,summer,5648.0,   
,Diego Herrera,correo_invalido,17/11/2023,SANTIAGO,Enterprise,,google,,,
,Camila Fuentes,camila783@outlook.com,2024-09-27,La Florida,Free,,meta,summer,,y
894.0,javiera silva,correo_invalido,2025/10/09 00:00:00,ñuñoa,Free,+56 9 6367 3062,,summer,2496.0,x
895.0,Pedro Rojas,,24/08/2023,,Pro,9-123,google,blackfriday,,   
896.0,,luis743@gmail.com,13-10-2023,Providencia, free ,9-123,meta,summer,,   
897.0, María López ,,2025/10/31 00:00:00,La Florida,Enterprise,,  GOOGLE  ,blackfriday,6801.0,   
898.0,ANA PÉREZ,ana83@mail.com,08/07/2025,La Florida,Pro,+56 9 6674 2210,linkedin,,6305.0,y
899.0,ANA PÉREZ,ana411@gmail.com,,La Florida,Free,+56 9 7376 7708,,summer,,   
900.0,,correo_invalido,2024-13-40,Puente Alto,Enterprise,,linkedin,SUMMER ,,x
,MATÍAS GONZÁLEZ,matías32@gmail.com,2023-02-15,ÑUÑOA,Free,9-123,,blackfriday,,   
902.0, Valentina Torres ,,10-02-2024, Ñuñoa , free ,+56 9 2932 2079,google,,,y
,valentina torres,valentina472@mail.com,2024-13-40,,,,google,,2890.0,
904.0,Diego Herrera,diego799@mail.com,2025-09-25, Ñuñoa , free ,9-123,meta,SUMMER ,,x
905.0,LUIS DÍAZ,correo_invalido,06-01-2024,PUENTE ALTO,Free,+56 9 7881 9537,meta,blackfriday,956.0,
906.0,,camila616@mail.com,02/01/2025,LA FLORIDA,,,  GOOGLE  ,,6310.0,y
907.0, Juan Soto ,juan746@mail.com,2024-13-40,,Free,9-123,google,,3696.0,x
908.0,JAVIERA SILVA,javiera840@gmail.com,2024-13-40, La Florida ,,9-123,google,,,x
909.0, Javiera Silva ,javiera429@outlook.com,2024-01-20, Ñuñoa ,Enterprise,9-123,meta,,,y
,,valentina930@mail.com,29-06-2023,Providencia,Free,+56 9 7544 4440,google,SUMMER ,6054.0,y
,,,,PROVIDENCIA, free ,,google,,22.0,x
912.0, Ana Pérez ,,25-10-2024,,Enterprise,,,SUMMER ,,   
,,maría189@mail.com,24-02-2023,Puente Alto,Pro,9-123,google,summer,5458.0,y
914.0,Pedro Rojas,correo_invalido,,,Pro,9-123,meta,blackfriday,,y
,Diego Herrera,correo_invalido,27-04-2025,puente alto,,,meta,blackfriday,5550.0,   
,ana pérez,,2024/08/27 00:00:00,ñuñoa,Free,,,,1759.0,y
917.0,,,2023-02-28,PROVIDENCIA,Free,9-123,meta,SUMMER ,6583.0,
918.0,matías gonzález,correo_invalido,2023-02-16,providencia,Enterprise,+56 9 4542 6250,google,summer,7884.0,y
919.0, Camila Fuentes ,,2024/08/13 00:00:00,ñuñoa,,9-123,google,,,   
920.0,Valentina Torres,,09/07/2023, Santiago ,Pro,+56 9 3915 5059,,summer,,x
921.0,,,2024-12-06,ÑUÑOA,Enterprise,9-123,linkedin,SUMMER ,,x
922.0,Matías González,matías976@outlook.com,04/12/2025,SANTIAGO, free ,9-123,  GOOGLE  ,summer,9031.0,y
923.0,Matias González,,2025/08/21 00:00:00, Maipú , free ,9-123,meta,,,   
924.0,juan soto,,,,Enterprise,9-123,google,summer,,y
,camila fuentes,,17-01-2025,providencia, free ,,,SUMMER ,,
, Camila Fuentes ,correo_invalido,2024-13-40,, free ,,linkedin,summer,8784.0,y
927.0,,,2024-12-03, Ñuñoa ,,9-123,,SUMMER ,,
928.0,,,2024-13-40, Puente Alto , free ,9-123,linkedin,summer,,   
929.0,JUAN SOTO,correo_invalido,,La Florida,Free,9-123,  GOOGLE  ,,6587.0,   
930.0,JUAN SOTO,juan701@gmail.com,2024/12/15 00:00:00,,Free,+56 9 4970 5958,,summer,,y
931.0,Camila Fuentes,correo_invalido,2024-12-06, Maipú ,Enterprise,9-123,  GOOGLE  ,,,
932.0,diego herrera,diego566@gmail.com,,Providencia, free ,+56 9 9309 7618,  GOOGLE  ,blackfriday,,y
933.0, Juan Soto ,correo_invalido,2024/05/24 00:00:00,ÑUÑOA,Free,9-123,linkedin,SUMMER ,,y
934.0,maría lópez,,2024-13-40,Ñuñoa,Pro,+56 9 6361 7288,  GOOGLE  ,SUMMER ,,x
935.0,JAVIERA SILVA,javiera722@mail.com,2024-13-40,Puente Alto,Pro,9-123,  GOOGLE  ,SUMMER ,,x
936.0,Luis Díaz,,2024-13-40,SANTIAGO,Pro,+56 9 8282 4458,linkedin,summer,,x
937.0, Matías González ,matías869@empresa.cl,2024-13-40,, free ,9-123,  GOOGLE  ,,6556.0,   
938.0,Diego Herrera,diego603@mail.com,26-12-2025,PROVIDENCIA,Pro,+56 9 7849 5826,,summer,2383.0,   
939.0,Javiera Silva,javiera957@gmail.com,2024-13-40,, free ,,,,,y
,Pedro Rojas,,2024-13-40,La Florida,Pro,,google,,4556.0,y
941.0,María López,correo_invalido,2024-13-40,providencia,,+56 9 7095 3279,google,SUMMER ,3856.0,y
,Juan Soto,correo_invalido,2023-12-15,La Florida,Free,+56 9 5581 3965,meta,,,
,Pedro Rojas,,05-12-2024,Ñuñoa,,+56 9 6125 9618,linkedin,SUMMER ,9815.0,
944.0,,luis835@gmail.com,2024-13-40, Santiago , free ,+56 9 7216 2359,google,summer,6958.0,y
945.0,Valentina Torres,,2024-13-40,Providencia,Free,9-123,linkedin,,4019.0,   
946.0,Luis Díaz,correo_invalido,21/10/2024,Maipú,Free,,meta,,9414.0,x
,MARÍA LÓPEZ,,,ÑUÑOA,Pro,9-123,google,,,x
948.0,MATÍAS GONZÁLEZ,matías707@mail.com,30-09-2023,PROVIDENCIA, free ,+56 9 9468 6598,linkedin,,4833.0,
,DIEGO HERRERA,correo_invalido,2024-13-40,PROVIDENCIA,Free,,meta,,6749.0,y
950.0,Diego Herrera,correo_invalido,2024-13-40,providencia,Enterprise,,meta,,,x
951.0,,correo_invalido,13-11-2023,PUENTE ALTO, free ,+56 9 7078 6409,  GOOGLE  ,,7312.0,
952.0,Valentina Torres,correo_invalido,2025-08-17,santiago,,9-123,google,summer,2985.0,
,Valentina Torres,correo_invalido,2024/02/06 00:00:00, Puente Alto ,,9-123,meta,blackfriday,,x
954.0,PEDRO ROJAS,,23-08-2023,, free ,,meta,summer,,
955.0,Luis Díaz,,07/08/2024,MAIPÚ,Enterprise,,  GOOGLE  ,,,   
956.0,DIEGO HERRERA,diego451@gmail.com,2024-13-40,,,9-123,google,,9355.0,y
957.0,,,2023/01/09 00:00:00,Santiago,Pro,9-123,linkedin,summer,7181.0,y
, Pedro Rojas ,,2025-11-03,PROVIDENCIA,Free,9-123,meta,summer,675.0,y
,Pedro Rojas,,2024-13-40,La Florida, free ,9-123,,SUMMER ,3792.0,   
,María López,maría769@empresa.cl,30-08-2024,Providencia,Pro,9-123,linkedin,blackfriday,,   
961.0,Matías González,correo_invalido,2024/11/07 00:00:00,SANTIAGO, free ,9-123,meta,SUMMER ,,y
,,,2024-13-40,La Florida,Pro,,google,blackfriday,7231.0,   
,,pedro625@outlook.com,2024-10-22,LA FLORIDA, free ,,meta,blackfriday,2311.0,x
964.0,Diego Herrera,,2023-10-03,La Florida,Enterprise,+56 9 7848 1925,meta,SUMMER ,,   
,Juan Soto,correo_invalido,2024-13-40,Ñuñoa,Enterprise,9-123,google,blackfriday,,   
966.0,,correo_invalido,, La Florida , free ,9-123,,blackfriday,2801.0,y
967.0, Valentina Torres ,correo_invalido,2023-11-28, Providencia ,Enterprise,9-123,linkedin,,,   
968.0,Luis Díaz,luis616@mail.com,2024/08/13 00:00:00,Maipú, free ,9-123,  GOOGLE  ,blackfriday,,   
969.0,,correo_invalido,2024-01-26,La Florida,,9-123,linkedin,summer,6849.0,y
970.0,Ana Pérez,,05-08-2023,SANTIAGO,Enterprise,+56 9 3997 2376,,blackfriday,,   
971.0,,,2024-08-13,ÑUÑOA,Pro,,google,,3066.0,   
,,,13/12/2024,Providencia, free ,+56 9 4736 6407,  GOOGLE  ,,,   
973.0,,correo_invalido,2024/11/21 00:00:00,,Enterprise,,linkedin,summer,3018.0,   
974.0,,,16/05/2023,Puente Alto,Pro,,meta,SUMMER ,,   
975.0,camila fuentes,,13/01/2024,puente alto,Enterprise,,linkedin,,8562.0,y
976.0,,valentina256@empresa.cl,,Ñuñoa,Pro,,  GOOGLE  ,SUMMER ,,
,Camila Fuentes,correo_invalido,07-11-2025,La Florida,Free,+56 9 8387 8527,  GOOGLE  ,summer,,
,diego herrera,,2024-09-21,,,+56 9 9713 5150,google,summer,,y
979.0,,,,,Enterprise,9-123,linkedin,summer,,y
980.0,matías gonzález,correo_invalido,,santiago,Pro,9-123,linkedin,,,
,Javiera Silva,,2024-13-40,, free ,+56 9 5463 1982,meta,blackfriday,6037.0,y
982.0,Maria López,,2024-13-40, Providencia , free ,9-123,,blackfriday,,   
983.0, Ana Pérez ,correo_invalido,2024-13-40,La Florida, free ,,,summer,5028.0,
,Matías González,,2023-09-15,la florida,Pro,+56 9 8261 5250,linkedin,summer,5744.0,   
985.0,,,2025/04/28 00:00:00,Santiago,Enterprise,+56 9 7768 7430,meta,,8820.0,x
,Juan Soto,juan748@gmail.com,,Puente Alto,Pro,9-123,meta,blackfriday,,   
987.0,PEDRO ROJAS,correo_invalido,2025-03-11, La Florida , free ,9-123,  GOOGLE  ,,,   
,Valentina Torres,valentina987@gmail.com,26-10-2025,puente alto,Free,,linkedin,summer,8175.0,
989.0,Javiera Silva,correo_invalido,2024-13-40,Puente Alto,,,google,,,
990.0,Ana Pérez,correo_invalido,2023/11/17 00:00:00,Ñuñoa, free ,,,summer,,y
,,correo_invalido,05/05/2023,SANTIAGO,,9-123,meta,blackfriday,6989.0,x
992.0,María López,maría978@mail.com,2025-09-25,ñuñoa,Enterprise,,  GOOGLE  ,SUMMER ,,y
993.0,camila fuentes,correo_invalido,2024-13-40,,Enterprise,+56 9 5216 4324,,blackfriday,5512.0,
,Matías González,matías643@mail.com,08/07/2024,PROVIDENCIA,,+56 9 2563 9619,google,blackfriday,,   
,,,05-10-2023,SANTIAGO, free ,9-123,meta,blackfriday,,
996.0,CAMILA FUENTES,camila853@mail.com,01/12/2024,La Florida,,9-123,linkedin,,4367.0,y
997.0,Juan Soto,,,la florida, free ,+56 9 6050 6007,linkedin,blackfriday,,   
,diego herrera,diego889@mail.com,2023/07/25 00:00:00,Santiago, free ,9-123,meta,,,   
999.0, Pedro Rojas ,,28/05/2024,Maipú,,9-123,linkedin,summer,,y
1000.0,Diego Herrera,diego594@outlook.com,01/10/2024,PUENTE ALTO,,+56 9 3469 2244,  GOOGLE  ,summer,,x
,Luis Díaz,,2024-13-40,PUENTE ALTO,Pro,9-123,meta,SUMMER ,,   
335.0,Matías González,correo_invalido,20/02/2024,,,,google,summer,,x
, Ana Pérez ,ana857@empresa.cl,2023-04-14,Ñuñoa, free ,+56 9 8181 8986,google,SUMMER ,,x
,Luis Diaz,correo_invalido,2023/08/26 00:00:00,SANTIAGO,,,linkedin,blackfriday,,x
,,correo_invalido,29/04/2023,Santiago, free ,9-123,  GOOGLE  ,blackfriday,8163.0,
409.0,,correo_invalido,2025/05/07 00:00:00, Ñuñoa ,Enterprise,,,summer,,x
,,correo_invalido,07/06/2023,,Pro,9-123,google,,,x
95.0, Valentina Torres ,correo_invalido,2024-13-40,la florida,Free,,,summer,219.0,   
,Ana Pérez,ana27@mail.com,04-07-2025,la florida,Enterprise,,google,summer,,   
,matías gonzález,correo_invalido,13-11-2025, Puente Alto ,Enterprise,+56 9 2027 8187,meta,blackfriday,,x
25.0,ana pérez,correo_invalido,11-01-2024,santiago,Free,,google,SUMMER ,,   
243.0,Juan Soto,correo_invalido,15-06-2024,la florida,Enterprise,9-123,google,SUMMER ,,y
543.0,matías gonzález,correo_invalido,2025-01-11,, free ,+56 9 5291 3296,linkedin,summer,,x
,Camila Fuentes,correo_invalido,2024-12-06, Maipú ,Enterprise,9-123,  GOOGLE  ,,,
887.0,javiera silva,correo_invalido,2025/05/29 00:00:00,,,,,summer,,x
, Juan Soto ,correo_invalido,,la florida, free ,,,blackfriday,5634.0,   
,maría lópez,,02-02-2023,Santiago,Enterprise,,google,SUMMER ,,y
,Javiera Silva,javiera93@outlook.com,05-01-2024,,Pro,+56 9 8243 1019,google,blackfriday,175.0,y
,María López,,14/02/2025,Maipú, free ,9-123,linkedin,,3629.0,
,Pedro Rojas,correo_invalido,,,Pro,9-123,meta,blackfriday,,y
169.0,Camila Fuentes,,2024/04/16 00:00:00,Providencia,Free,+56 9 2756 7606,meta,SUMMER ,,y
777.0,Pedro Rojas,,29/09/2024,LA FLORIDA,Enterprise,9-123,  GOOGLE  ,blackfriday,8296.0,x
,juan soto,correo_invalido,, Santiago ,Free,9-123,meta,summer,9292.0,y
,VALENTINA TORRES,,14/11/2025,,Pro,,meta,,1079.0,y
,Juan Soto,juan938@empresa.cl,08-01-2024,,Free,,linkedin,,2285.0,   
,PEDRO ROJAS,correo_invalido,2025-10-27,,,+56 9 2480 5768,  GOOGLE  ,SUMMER ,5198.0,x
,,luis245@gmail.com,2023-09-22,Ñuñoa,Pro,9-123,linkedin,blackfriday,,y
,,valentina678@gmail.com,2024-13-40,Santiago,,9-123,google,summer,,y
706.0, María López ,correo_invalido,15-04-2025,, free ,,  GOOGLE  ,SUMMER ,1905.0,   
,valentina torres,correo_invalido,23-08-2025,LA FLORIDA,Free,,linkedin,summer,,x
682.0,Diego Herrera,,,La Florida, free ,,linkedin,,6993.0,   
,ana pérez,,2023/02/27 00:00:00,puente alto,Enterprise,+56 9 2319 4612,meta,SUMMER ,,y
, Juan Soto ,correo_invalido,2024-13-40,la florida, free ,9-123,meta,,,y
278.0,Camila Fuentes,correo_invalido,2024-02-13, Ñuñoa ,Pro,,  GOOGLE  ,SUMMER ,3478.0,y
,Luis Diaz,luis805@empresa.cl,, Ñuñoa ,Free,+56 9 6945 9830,linkedin,,,y
300.0,,correo_invalido,2024/10/19 00:00:00,, free ,+56 9 1923 1001,  GOOGLE  ,,,x
,,correo_invalido,2023/10/29 00:00:00,La Florida,,+56 9 8942 7254,meta,,9944.0,   
,,pedro625@outlook.com,2024-10-22,LA FLORIDA, free ,,meta,blackfriday,2311.0,x
,Diego Herrera,correo_invalido,2024-13-40,Santiago,Pro,,  GOOGLE  ,,8607.0,x
,Juan Soto,correo_invalido,14/04/2023,LA FLORIDA, free ,+56 9 5258 1103,  GOOGLE  ,,3566.0,
714.0,Juan Soto,correo_invalido,2024-05-16,ñuñoa,,+56 9 6300 6447,  GOOGLE  ,SUMMER ,1789.0,y
,JAVIERA SILVA,javiera840@gmail.com,2024-13-40, La Florida ,,9-123,google,,,x
716.0,ana pérez,,2024-13-40,,Free,+56 9 9129 6080,,summer,1608.0,y
,Diego Herrera,,26/07/2025,Maipú,Enterprise,,  GOOGLE  ,blackfriday,1380.0,   
,camila fuentes,correo_invalido,17/05/2024,Maipú, free ,+56 9 8531 1141,  GOOGLE  ,,,
759.0,PEDRO ROJAS,correo_invalido,,Puente Alto,Pro,+56 9 4900 9922,meta,blackfriday,,x
340.0,LUIS DÍAZ,correo_invalido,, Ñuñoa ,Enterprise,,meta,summer,8156.0,y
,MARÍA LÓPEZ,correo_invalido,2024-13-40,puente alto,Free,9-123,linkedin,,5785.0,
,matías gonzález,correo_invalido,,santiago,Pro,9-123,linkedin,,,
,MARÍA LÓPEZ,correo_invalido,03-03-2024,,Enterprise,9-123,meta,summer,7186.0,x
,Matías González,correo_invalido,2024/11/07 00:00:00,SANTIAGO, free ,9-123,meta,SUMMER ,,y
290.0,Javiera Silva,correo_invalido,04/10/2025, Puente Alto , free ,+56 9 5835 1272,linkedin,summer,7741.0,x
,camila fuentes,correo_invalido,13/01/2024,puente alto,Enterprise,,linkedin,,8562.0,y
,Juan Soto,juan632@outlook.com,2024-13-40,LA FLORIDA,Enterprise,9-123,  GOOGLE  ,blackfriday,,x
,Camila Fuentes,correo_invalido,2024-13-40, Puente Alto ,Free,,google,summer,4211.0,x
,,correo_invalido,2024-13-40,Providencia,Pro,9-123,meta,,,
957.0,,,2023/01/09 00:00:00,Santiago,Pro,9-123,linkedin,summer,7181.0,y
, Juan Soto ,juan746@mail.com,2024-13-40,,Free,9-123,google,,3696.0,x
787.0,,correo_invalido,17/02/2024,SANTIAGO,,+56 9 6151 5157,linkedin,blackfriday,,   
,Juan Soto,correo_invalido,2023-12-15,La Florida,Free,+56 9 5581 3965,meta,,,
